,title,url,clean_title
0,10-Things-I-Hate-About-You,https://www.imsdb.com/scripts/10-Things-I-Hate-About-You.html,10 Things I Hate About You
2,12-and-Holding,https://www.imsdb.com/scripts/12-and-Holding.html,12 and Holding
3,12-Monkeys,https://www.imsdb.com/scripts/12-Monkeys.html,12 Monkeys
4,12-Years-a-Slave,https://www.imsdb.com/scripts/12-Years-a-Slave.html,12 Years a Slave
5,127-Hours,https://www.imsdb.com/scripts/127-Hours.html,127 Hours
6,1492-Conquest-of-Paradise,https://www.imsdb.com/scripts/1492-Conquest-of-Paradise.html,1492: Conquest of Paradise
7,15-Minutes,https://www.imsdb.com/scripts/15-Minutes.html,15 Minutes
8,17-Again,https://www.imsdb.com/scripts/17-Again.html,17 Again
9,187,https://www.imsdb.com/scripts/187.html,187
10,2001-A-Space-Odyssey,https://www.imsdb.com/scripts/2001-A-Space-Odyssey.html,2001: A Space Odyssey
11,2012,https://www.imsdb.com/scripts/2012.html,2012
13,28-Days-Later,https://www.imsdb.com/scripts/28-Days-Later.html,28 Days Later
14,30-Minutes-or-Less,https://www.imsdb.com/scripts/30-Minutes-or-Less.html,30 Minutes or Less
15,42,https://www.imsdb.com/scripts/42.html,42
16,44-Inch-Chest,https://www.imsdb.com/scripts/44-Inch-Chest.html,44 Inch Chest
18,50-50,https://www.imsdb.com/scripts/50-50.html,50-50
19,500-Days-of-Summer,https://www.imsdb.com/scripts/500-Days-of-Summer.html,500 Days of Summer
21,8MM,https://www.imsdb.com/scripts/8MM.html,8MM
22,9,https://www.imsdb.com/scripts/9.html,9
23,A-Few-Good-Men,https://www.imsdb.com/scripts/A-Few-Good-Men.html,A Few Good Men
24,A-Most-Violent-Year,https://www.imsdb.com/scripts/A-Most-Violent-Year.html,A Most Violent Year
25,A-Prayer-Before-Dawn,https://www.imsdb.com/scripts/A-Prayer-Before-Dawn.html,A Prayer Before Dawn
26,A-Quiet-Place,https://www.imsdb.com/scripts/A-Quiet-Place.html,A Quiet Place
27,A-Scanner-Darkly,https://www.imsdb.com/scripts/A-Scanner-Darkly.html,A Scanner Darkly
28,A-Serious-Man,https://www.imsdb.com/scripts/A-Serious-Man.html,A Serious Man
30,Above-the-Law,https://www.imsdb.com/scripts/Above-the-Law.html,Above the Law
31,Absolute-Power,https://www.imsdb.com/scripts/Absolute-Power.html,Absolute Power
32,"Abyss,-The","https://www.imsdb.com/scripts/Abyss,-The.html","Abyss, The"
33,Ace-Ventura-Pet-Detective,https://www.imsdb.com/scripts/Ace-Ventura-Pet-Detective.html,Ace Ventura: Pet Detective
34,Adaptation,https://www.imsdb.com/scripts/Adaptation.html,Adaptation
35,"Addams-Family,-The","https://www.imsdb.com/scripts/Addams-Family,-The.html","Addams Family, The"
36,"Adjustment-Bureau,-The","https://www.imsdb.com/scripts/Adjustment-Bureau,-The.html","Adjustment Bureau, The"
37,"Adventures-of-Buckaroo-Banzai-Across-the-Eighth-Dimension,-The","https://www.imsdb.com/scripts/Adventures-of-Buckaroo-Banzai-Across-the-Eighth-Dimension,-The.html","Adventures of Buckaroo Banzai Across the Eighth Dimension, The"
38,Affliction,https://www.imsdb.com/scripts/Affliction.html,Affliction
39,After-School-Special,https://www.imsdb.com/scripts/After-School-Special.html,After School Special
40,After.Life,https://www.imsdb.com/scripts/After.Life.html,After.Life
41,Agnes-of-God,https://www.imsdb.com/scripts/Agnes-of-God.html,Agnes of God
42,Air-Force-One,https://www.imsdb.com/scripts/Air-Force-One.html,Air Force One
43,Airplane,https://www.imsdb.com/scripts/Airplane.html,Airplane
44,Airplane-2-The-Sequel,https://www.imsdb.com/scripts/Airplane-2-The-Sequel.html,Airplane 2: The Sequel
45,Aladdin,https://www.imsdb.com/scripts/Aladdin.html,Aladdin
46,Ali,https://www.imsdb.com/scripts/Ali.html,Ali
48,Alien-3,https://www.imsdb.com/scripts/Alien-3.html,Alien 3
49,Alien-Nation,https://www.imsdb.com/scripts/Alien-Nation.html,Alien Nation
50,Alien-vs.-Predator,https://www.imsdb.com/scripts/Alien-vs.-Predator.html,Alien vs. Predator
51,Alien-Resurrection,https://www.imsdb.com/scripts/Alien-Resurrection.html,Alien: Resurrection
52,Aliens,https://www.imsdb.com/scripts/Aliens.html,Aliens
53,All-About-Eve,https://www.imsdb.com/scripts/All-About-Eve.html,All About Eve
54,All-About-Steve,https://www.imsdb.com/scripts/All-About-Steve.html,All About Steve
55,All-the-King's-Men,https://www.imsdb.com/scripts/All-the-King's-Men.html,All the King's Men
56,All-the-President's-Men,https://www.imsdb.com/scripts/All-the-President's-Men.html,All the President's Men
58,Alone-in-the-Dark,https://www.imsdb.com/scripts/Alone-in-the-Dark.html,Alone in the Dark
59,Amadeus,https://www.imsdb.com/scripts/Amadeus.html,Amadeus
60,Amelia,https://www.imsdb.com/scripts/Amelia.html,Amelia
61,American-Beauty,https://www.imsdb.com/scripts/American-Beauty.html,American Beauty
62,American-Gangster,https://www.imsdb.com/scripts/American-Gangster.html,American Gangster
63,American-Graffiti,https://www.imsdb.com/scripts/American-Graffiti.html,American Graffiti
64,American-History-X,https://www.imsdb.com/scripts/American-History-X.html,American History X
65,American-Hustle,https://www.imsdb.com/scripts/American-Hustle.html,American Hustle
66,American-Madness,https://www.imsdb.com/scripts/American-Madness.html,American Madness
67,American-Milkshake,https://www.imsdb.com/scripts/American-Milkshake.html,American Milkshake
68,American-Outlaws,https://www.imsdb.com/scripts/American-Outlaws.html,American Outlaws
69,American-Pie,https://www.imsdb.com/scripts/American-Pie.html,American Pie
70,"American-President,-The","https://www.imsdb.com/scripts/American-President,-The.html","American President, The"
71,American-Psycho,https://www.imsdb.com/scripts/American-Psycho.html,American Psycho
72,American-Shaolin-King-of-Kickboxers-II,https://www.imsdb.com/scripts/American-Shaolin-King-of-Kickboxers-II.html,American Shaolin: King of Kickboxers II
73,American-Sniper,https://www.imsdb.com/scripts/American-Sniper.html,American Sniper
74,American-Splendor,https://www.imsdb.com/scripts/American-Splendor.html,American Splendor
75,American-Werewolf-in-London,https://www.imsdb.com/scripts/American-Werewolf-in-London.html,American Werewolf in London
76,"American,-The","https://www.imsdb.com/scripts/American,-The.html","American, The"
77,"Amityville-Asylum,-The","https://www.imsdb.com/scripts/Amityville-Asylum,-The.html","Amityville Asylum, The"
78,Amour,https://www.imsdb.com/scripts/Amour.html,Amour
79,An-Education,https://www.imsdb.com/scripts/An-Education.html,An Education
80,Analyze-That,https://www.imsdb.com/scripts/Analyze-That.html,Analyze That
81,Analyze-This,https://www.imsdb.com/scripts/Analyze-This.html,Analyze This
82,Anastasia,https://www.imsdb.com/scripts/Anastasia.html,Anastasia
83,Angel-Eyes,https://www.imsdb.com/scripts/Angel-Eyes.html,Angel Eyes
85,Anna-Karenina,https://www.imsdb.com/scripts/Anna-Karenina.html,Anna Karenina
86,Annie-Hall,https://www.imsdb.com/scripts/Annie-Hall.html,Annie Hall
87,"Anniversary-Party,-The","https://www.imsdb.com/scripts/Anniversary-Party,-The.html","Anniversary Party, The"
88,Anonymous,https://www.imsdb.com/scripts/Anonymous.html,Anonymous
89,Antitrust,https://www.imsdb.com/scripts/Antitrust.html,Antitrust
90,Antz,https://www.imsdb.com/scripts/Antz.html,Antz
92,Apocalypse-Now,https://www.imsdb.com/scripts/Apocalypse-Now.html,Apocalypse Now
94,April-Fool's-Day,https://www.imsdb.com/scripts/April-Fool's-Day.html,April Fool's Day
95,Apt-Pupil,https://www.imsdb.com/scripts/Apt-Pupil.html,Apt Pupil
96,Arbitrage,https://www.imsdb.com/scripts/Arbitrage.html,Arbitrage
97,Arcade,https://www.imsdb.com/scripts/Arcade.html,Arcade
98,Arctic-Blue,https://www.imsdb.com/scripts/Arctic-Blue.html,Arctic Blue
99,Argo,https://www.imsdb.com/scripts/Argo.html,Argo
100,Armageddon,https://www.imsdb.com/scripts/Armageddon.html,Armageddon
101,Army-of-Darkness,https://www.imsdb.com/scripts/Army-of-Darkness.html,Army of Darkness
102,Arsenic-and-Old-Lace,https://www.imsdb.com/scripts/Arsenic-and-Old-Lace.html,Arsenic and Old Lace
103,Arthur,https://www.imsdb.com/scripts/Arthur.html,Arthur
104,"Artist,-The","https://www.imsdb.com/scripts/Artist,-The.html","Artist, The"
105,As-Good-As-It-Gets,https://www.imsdb.com/scripts/As-Good-As-It-Gets.html,As Good As It Gets
106,Assassins,https://www.imsdb.com/scripts/Assassins.html,Assassins
107,"Assignment,-The","https://www.imsdb.com/scripts/Assignment,-The.html","Assignment, The"
108,At-First-Sight,https://www.imsdb.com/scripts/At-First-Sight.html,At First Sight
109,August-Osage-County,https://www.imsdb.com/scripts/August-Osage-County.html,August: Osage County
110,Austin-Powers---International-Man-of-Mystery,https://www.imsdb.com/scripts/Austin-Powers---International-Man-of-Mystery.html,Austin Powers - International Man of Mystery
111,Austin-Powers---The-Spy-Who-Shagged-Me,https://www.imsdb.com/scripts/Austin-Powers---The-Spy-Who-Shagged-Me.html,Austin Powers - The Spy Who Shagged Me
112,Authors-Anonymous,https://www.imsdb.com/scripts/Authors-Anonymous.html,Authors Anonymous
113,Autumn-in-New-York,https://www.imsdb.com/scripts/Autumn-in-New-York.html,Autumn in New York
114,Avatar,https://www.imsdb.com/scripts/Avatar.html,Avatar
115,"Avengers,-The","https://www.imsdb.com/scripts/Avengers,-The.html","Avengers, The"
116,"Avengers,-The-(2012)","https://www.imsdb.com/scripts/Avengers,-The-(2012).html","Avengers, The (2012)"
117,"Avventura,-L'-(The-Adventure)","https://www.imsdb.com/scripts/Avventura,-L'-(The-Adventure).html","Avventura, L' (The Adventure)"
118,Awakenings,https://www.imsdb.com/scripts/Awakenings.html,Awakenings
119,Babel,https://www.imsdb.com/scripts/Babel.html,Babel
120,Bachelor-Party,https://www.imsdb.com/scripts/Bachelor-Party.html,Bachelor Party
121,"Bachelor-Party,-The","https://www.imsdb.com/scripts/Bachelor-Party,-The.html","Bachelor Party, The"
124,"Back-up-Plan,-The","https://www.imsdb.com/scripts/Back-up-Plan,-The.html","Back-up Plan, The"
125,Backdraft,https://www.imsdb.com/scripts/Backdraft.html,Backdraft
126,Bad-Boys,https://www.imsdb.com/scripts/Bad-Boys.html,Bad Boys
127,Bad-Country,https://www.imsdb.com/scripts/Bad-Country.html,Bad Country
128,Bad-Day-at-Black-Rock,https://www.imsdb.com/scripts/Bad-Day-at-Black-Rock.html,Bad Day at Black Rock
129,Bad-Dreams,https://www.imsdb.com/scripts/Bad-Dreams.html,Bad Dreams
130,Bad-Lieutenant,https://www.imsdb.com/scripts/Bad-Lieutenant.html,Bad Lieutenant
131,Bad-Santa,https://www.imsdb.com/scripts/Bad-Santa.html,Bad Santa
132,Bad-Teacher,https://www.imsdb.com/scripts/Bad-Teacher.html,Bad Teacher
133,Badlands,https://www.imsdb.com/scripts/Badlands.html,Badlands
134,Bamboozled,https://www.imsdb.com/scripts/Bamboozled.html,Bamboozled
135,Barry-Lyndon,https://www.imsdb.com/scripts/Barry-Lyndon.html,Barry Lyndon
136,Barton-Fink,https://www.imsdb.com/scripts/Barton-Fink.html,Barton Fink
137,Basic,https://www.imsdb.com/scripts/Basic.html,Basic
138,Basic-Instinct,https://www.imsdb.com/scripts/Basic-Instinct.html,Basic Instinct
139,Basquiat,https://www.imsdb.com/scripts/Basquiat.html,Basquiat
140,Batman,https://www.imsdb.com/scripts/Batman.html,Batman
141,Batman-2,https://www.imsdb.com/scripts/Batman-2.html,Batman 2
147,"Battle-of-Shaker-Heights,-The","https://www.imsdb.com/scripts/Battle-of-Shaker-Heights,-The.html","Battle of Shaker Heights, The"
148,Battle-Los-Angeles,https://www.imsdb.com/scripts/Battle-Los-Angeles.html,Battle: Los Angeles
149,"Beach,-The","https://www.imsdb.com/scripts/Beach,-The.html","Beach, The"
150,Bean,https://www.imsdb.com/scripts/Bean.html,Bean
151,Beasts-of-No-Nation,https://www.imsdb.com/scripts/Beasts-of-No-Nation.html,Beasts of No Nation
152,Beasts-of-the-Southern-Wild,https://www.imsdb.com/scripts/Beasts-of-the-Southern-Wild.html,Beasts of the Southern Wild
153,Beauty-and-the-Beast,https://www.imsdb.com/scripts/Beauty-and-the-Beast.html,Beauty and the Beast
154,Beavis-and-Butt-head-Do-America,https://www.imsdb.com/scripts/Beavis-and-Butt-head-Do-America.html,Beavis and Butt-head Do America
155,Beginners,https://www.imsdb.com/scripts/Beginners.html,Beginners
156,Being-Human,https://www.imsdb.com/scripts/Being-Human.html,Being Human
157,Being-John-Malkovich,https://www.imsdb.com/scripts/Being-John-Malkovich.html,Being John Malkovich
158,Being-There,https://www.imsdb.com/scripts/Being-There.html,Being There
159,"Believer,-The","https://www.imsdb.com/scripts/Believer,-The.html","Believer, The"
160,Belle,https://www.imsdb.com/scripts/Belle.html,Belle
161,Beloved,https://www.imsdb.com/scripts/Beloved.html,Beloved
163,"Best-Exotic-Marigold-Hotel,-The","https://www.imsdb.com/scripts/Best-Exotic-Marigold-Hotel,-The.html","Best Exotic Marigold Hotel, The"
164,Big,https://www.imsdb.com/scripts/Big.html,Big
165,"Big-Blue,-The","https://www.imsdb.com/scripts/Big-Blue,-The.html","Big Blue, The"
166,Big-Eyes,https://www.imsdb.com/scripts/Big-Eyes.html,Big Eyes
167,Big-Fish,https://www.imsdb.com/scripts/Big-Fish.html,Big Fish
168,"Big-Lebowski,-The","https://www.imsdb.com/scripts/Big-Lebowski,-The.html","Big Lebowski, The"
169,"Big-Sick,-The","https://www.imsdb.com/scripts/Big-Sick,-The.html","Big Sick, The"
170,"Big-White,-The","https://www.imsdb.com/scripts/Big-White,-The.html","Big White, The"
171,Birdman,https://www.imsdb.com/scripts/Birdman.html,Birdman
172,"Birds,-The","https://www.imsdb.com/scripts/Birds,-The.html","Birds, The"
173,Birthday-Girl,https://www.imsdb.com/scripts/Birthday-Girl.html,Birthday Girl
174,"Black-Dahlia,-The","https://www.imsdb.com/scripts/Black-Dahlia,-The.html","Black Dahlia, The"
175,Black-Panther,https://www.imsdb.com/scripts/Black-Panther.html,Black Panther
176,Black-Rain,https://www.imsdb.com/scripts/Black-Rain.html,Black Rain
177,Black-Snake-Moan,https://www.imsdb.com/scripts/Black-Snake-Moan.html,Black Snake Moan
178,Black-Swan,https://www.imsdb.com/scripts/Black-Swan.html,Black Swan
179,BlacKkKlansman,https://www.imsdb.com/scripts/BlacKkKlansman.html,BlacKkKlansman
180,Blade,https://www.imsdb.com/scripts/Blade.html,Blade
182,Blade-Runner,https://www.imsdb.com/scripts/Blade-Runner.html,Blade Runner
183,Blade-Trinity,https://www.imsdb.com/scripts/Blade-Trinity.html,Blade: Trinity
185,"Blind-Side,-The","https://www.imsdb.com/scripts/Blind-Side,-The.html","Blind Side, The"
186,"Bling-Ring,-The","https://www.imsdb.com/scripts/Bling-Ring,-The.html","Bling Ring, The"
187,Blood-and-Wine,https://www.imsdb.com/scripts/Blood-and-Wine.html,Blood and Wine
188,Blood-Simple,https://www.imsdb.com/scripts/Blood-Simple.html,Blood Simple
189,Blow,https://www.imsdb.com/scripts/Blow.html,Blow
190,Blue-Valentine,https://www.imsdb.com/scripts/Blue-Valentine.html,Blue Valentine
191,Blue-Velvet,https://www.imsdb.com/scripts/Blue-Velvet.html,Blue Velvet
194,Body-Heat,https://www.imsdb.com/scripts/Body-Heat.html,Body Heat
195,Body-of-Evidence,https://www.imsdb.com/scripts/Body-of-Evidence.html,Body of Evidence
196,Bodyguard,https://www.imsdb.com/scripts/Bodyguard.html,Bodyguard
197,Bones,https://www.imsdb.com/scripts/Bones.html,Bones
198,Bonfire-of-the-Vanities,https://www.imsdb.com/scripts/Bonfire-of-the-Vanities.html,Bonfire of the Vanities
199,Bonnie-and-Clyde,https://www.imsdb.com/scripts/Bonnie-and-Clyde.html,Bonnie and Clyde
200,Boogie-Nights,https://www.imsdb.com/scripts/Boogie-Nights.html,Boogie Nights
201,"Book-of-Eli,-The","https://www.imsdb.com/scripts/Book-of-Eli,-The.html","Book of Eli, The"
202,Boondock-Saints-2-All-Saints-Day,https://www.imsdb.com/scripts/Boondock-Saints-2-All-Saints-Day.html,Boondock Saints 2: All Saints Day
203,"Boondock-Saints,-The","https://www.imsdb.com/scripts/Boondock-Saints,-The.html","Boondock Saints, The"
205,Bound,https://www.imsdb.com/scripts/Bound.html,Bound
206,"Bounty-Hunter,-The","https://www.imsdb.com/scripts/Bounty-Hunter,-The.html","Bounty Hunter, The"
207,"Bourne-Identity,-The","https://www.imsdb.com/scripts/Bourne-Identity,-The.html","Bourne Identity, The"
209,"Bourne-Ultimatum,-The","https://www.imsdb.com/scripts/Bourne-Ultimatum,-The.html","Bourne Ultimatum, The"
210,"Box,-The","https://www.imsdb.com/scripts/Box,-The.html","Box, The"
211,"Boxtrolls,-The","https://www.imsdb.com/scripts/Boxtrolls,-The.html","Boxtrolls, The"
212,Boyhood,https://www.imsdb.com/scripts/Boyhood.html,Boyhood
213,Braveheart,https://www.imsdb.com/scripts/Braveheart.html,Braveheart
215,Break,https://www.imsdb.com/scripts/Break.html,Break
216,Breakdown,https://www.imsdb.com/scripts/Breakdown.html,Breakdown
217,"Breakfast-Club,-The","https://www.imsdb.com/scripts/Breakfast-Club,-The.html","Breakfast Club, The"
218,Breaking-Away,https://www.imsdb.com/scripts/Breaking-Away.html,Breaking Away
219,Brick,https://www.imsdb.com/scripts/Brick.html,Brick
220,Bridesmaids,https://www.imsdb.com/scripts/Bridesmaids.html,Bridesmaids
221,Bringing-Out-the-Dead,https://www.imsdb.com/scripts/Bringing-Out-the-Dead.html,Bringing Out the Dead
222,Broadcast-News,https://www.imsdb.com/scripts/Broadcast-News.html,Broadcast News
223,Broken-Arrow,https://www.imsdb.com/scripts/Broken-Arrow.html,Broken Arrow
224,Broken-Embraces,https://www.imsdb.com/scripts/Broken-Embraces.html,Broken Embraces
225,"Brothers-Bloom,-The","https://www.imsdb.com/scripts/Brothers-Bloom,-The.html","Brothers Bloom, The"
226,Bruce-Almighty,https://www.imsdb.com/scripts/Bruce-Almighty.html,Bruce Almighty
228,Bull-Durham,https://www.imsdb.com/scripts/Bull-Durham.html,Bull Durham
229,Buried,https://www.imsdb.com/scripts/Buried.html,Buried
230,Burlesque,https://www.imsdb.com/scripts/Burlesque.html,Burlesque
231,Burn-After-Reading,https://www.imsdb.com/scripts/Burn-After-Reading.html,Burn After Reading
232,Burning-Annie,https://www.imsdb.com/scripts/Burning-Annie.html,Burning Annie
233,"Butterfly-Effect,-The","https://www.imsdb.com/scripts/Butterfly-Effect,-The.html","Butterfly Effect, The"
234,Cable-Guy,https://www.imsdb.com/scripts/Cable-Guy.html,Cable Guy
235,Candle-to-Water,https://www.imsdb.com/scripts/Candle-to-Water.html,Candle to Water
236,Capote,https://www.imsdb.com/scripts/Capote.html,Capote
237,Carrie,https://www.imsdb.com/scripts/Carrie.html,Carrie
238,Cars-2,https://www.imsdb.com/scripts/Cars-2.html,Cars 2
240,Case-39,https://www.imsdb.com/scripts/Case-39.html,Case 39
241,Casino,https://www.imsdb.com/scripts/Casino.html,Casino
242,Cast-Away,https://www.imsdb.com/scripts/Cast-Away.html,Cast Away
243,Catch-Me-If-You-Can,https://www.imsdb.com/scripts/Catch-Me-If-You-Can.html,Catch Me If You Can
245,Cecil-B.-Demented,https://www.imsdb.com/scripts/Cecil-B.-Demented.html,Cecil B. Demented
246,Cedar-Rapids,https://www.imsdb.com/scripts/Cedar-Rapids.html,Cedar Rapids
248,"Cell,-The","https://www.imsdb.com/scripts/Cell,-The.html","Cell, The"
249,Cellular,https://www.imsdb.com/scripts/Cellular.html,Cellular
250,"Change-Up,-The","https://www.imsdb.com/scripts/Change-Up,-The.html","Change-Up, The"
251,Changeling,https://www.imsdb.com/scripts/Changeling.html,Changeling
252,Chaos,https://www.imsdb.com/scripts/Chaos.html,Chaos
253,Charade,https://www.imsdb.com/scripts/Charade.html,Charade
254,Charlie's-Angels,https://www.imsdb.com/scripts/Charlie's-Angels.html,Charlie's Angels
255,Chasing-Amy,https://www.imsdb.com/scripts/Chasing-Amy.html,Chasing Amy
256,Chasing-Sleep,https://www.imsdb.com/scripts/Chasing-Sleep.html,Chasing Sleep
257,Cherry-Falls,https://www.imsdb.com/scripts/Cherry-Falls.html,Cherry Falls
258,Chinatown,https://www.imsdb.com/scripts/Chinatown.html,Chinatown
259,Christ-Complex,https://www.imsdb.com/scripts/Christ-Complex.html,Christ Complex
260,Chronicle,https://www.imsdb.com/scripts/Chronicle.html,Chronicle
261,"Chronicles-of-Narnia-The-Lion,-the-Witch-and-the-Wardrobe","https://www.imsdb.com/scripts/Chronicles-of-Narnia-The-Lion,-the-Witch-and-the-Wardrobe.html","Chronicles of Narnia: The Lion, the Witch and the Wardrobe"
262,"Cider-House-Rules,-The","https://www.imsdb.com/scripts/Cider-House-Rules,-The.html","Cider House Rules, The"
263,"Cincinnati-Kid,-The","https://www.imsdb.com/scripts/Cincinnati-Kid,-The.html","Cincinnati Kid, The"
265,Cirque-du-Freak-The-Vampire's-Assistant,https://www.imsdb.com/scripts/Cirque-du-Freak-The-Vampire's-Assistant.html,Cirque du Freak: The Vampire's Assistant
266,Citizen-Kane,https://www.imsdb.com/scripts/Citizen-Kane.html,Citizen Kane
267,City-of-Joy,https://www.imsdb.com/scripts/City-of-Joy.html,City of Joy
268,Clash-of-the-Titans,https://www.imsdb.com/scripts/Clash-of-the-Titans.html,Clash of the Titans
269,Clerks,https://www.imsdb.com/scripts/Clerks.html,Clerks
270,Cliffhanger,https://www.imsdb.com/scripts/Cliffhanger.html,Cliffhanger
273,Cobb,https://www.imsdb.com/scripts/Cobb.html,Cobb
274,Coco,https://www.imsdb.com/scripts/Coco.html,Coco
275,Code-of-Silence,https://www.imsdb.com/scripts/Code-of-Silence.html,Code of Silence
276,Cold-Mountain,https://www.imsdb.com/scripts/Cold-Mountain.html,Cold Mountain
278,Collateral-Damage,https://www.imsdb.com/scripts/Collateral-Damage.html,Collateral Damage
279,Colombiana,https://www.imsdb.com/scripts/Colombiana.html,Colombiana
280,Color-of-Night,https://www.imsdb.com/scripts/Color-of-Night.html,Color of Night
283,Confessions-of-a-Dangerous-Mind,https://www.imsdb.com/scripts/Confessions-of-a-Dangerous-Mind.html,Confessions of a Dangerous Mind
284,Confidence,https://www.imsdb.com/scripts/Confidence.html,Confidence
285,Constantine,https://www.imsdb.com/scripts/Constantine.html,Constantine
287,"Cooler,-The","https://www.imsdb.com/scripts/Cooler,-The.html","Cooler, The"
288,Copycat,https://www.imsdb.com/scripts/Copycat.html,Copycat
289,Coraline,https://www.imsdb.com/scripts/Coraline.html,Coraline
290,Coriolanus,https://www.imsdb.com/scripts/Coriolanus.html,Coriolanus
293,Cradle-2-the-Grave,https://www.imsdb.com/scripts/Cradle-2-the-Grave.html,Cradle 2 the Grave
294,Crank,https://www.imsdb.com/scripts/Crank.html,Crank
295,Crash,https://www.imsdb.com/scripts/Crash.html,Crash
296,"Crazy,-Stupid,-Love","https://www.imsdb.com/scripts/Crazy,-Stupid,-Love.html","Crazy, Stupid, Love"
297,Crazylove,https://www.imsdb.com/scripts/Crazylove.html,Crazylove
298,Creation,https://www.imsdb.com/scripts/Creation.html,Creation
299,Crime-Spree,https://www.imsdb.com/scripts/Crime-Spree.html,Crime Spree
300,"Croods,-The","https://www.imsdb.com/scripts/Croods,-The.html","Croods, The"
301,"Crouching-Tiger,-Hidden-Dragon","https://www.imsdb.com/scripts/Crouching-Tiger,-Hidden-Dragon.html","Crouching Tiger, Hidden Dragon"
302,Croupier,https://www.imsdb.com/scripts/Croupier.html,Croupier
304,"Crow,-The","https://www.imsdb.com/scripts/Crow,-The.html","Crow, The"
305,"Crow-City-of-Angels,-The","https://www.imsdb.com/scripts/Crow-City-of-Angels,-The.html","Crow: City of Angels, The"
306,Cruel-Intentions,https://www.imsdb.com/scripts/Cruel-Intentions.html,Cruel Intentions
308,Cube,https://www.imsdb.com/scripts/Cube.html,Cube
309,"Curious-Case-of-Benjamin-Button,-The","https://www.imsdb.com/scripts/Curious-Case-of-Benjamin-Button,-The.html","Curious Case of Benjamin Button, The"
310,Custody,https://www.imsdb.com/scripts/Custody.html,Custody
311,Dallas-Buyers-Club,https://www.imsdb.com/scripts/Dallas-Buyers-Club.html,Dallas Buyers Club
312,"Damned-United,-The","https://www.imsdb.com/scripts/Damned-United,-The.html","Damned United, The"
313,Dances-with-Wolves,https://www.imsdb.com/scripts/Dances-with-Wolves.html,Dances with Wolves
314,"Danish-Girl,-The","https://www.imsdb.com/scripts/Danish-Girl,-The.html","Danish Girl, The"
315,Dark-City,https://www.imsdb.com/scripts/Dark-City.html,Dark City
316,"Dark-Knight-Rises,-The","https://www.imsdb.com/scripts/Dark-Knight-Rises,-The.html","Dark Knight Rises, The"
318,Dark-Star,https://www.imsdb.com/scripts/Dark-Star.html,Dark Star
319,Darkman,https://www.imsdb.com/scripts/Darkman.html,Darkman
320,Date-Night,https://www.imsdb.com/scripts/Date-Night.html,Date Night
321,Dave-Barry's-Complete-Guide-to-Guys,https://www.imsdb.com/scripts/Dave-Barry's-Complete-Guide-to-Guys.html,Dave Barry's Complete Guide to Guys
322,Dawn-of-the-Dead,https://www.imsdb.com/scripts/Dawn-of-the-Dead.html,Dawn of the Dead
323,Day-of-the-Dead,https://www.imsdb.com/scripts/Day-of-the-Dead.html,Day of the Dead
324,"Day-the-Clown-Cried,-The","https://www.imsdb.com/scripts/Day-the-Clown-Cried,-The.html","Day the Clown Cried, The"
325,"Day-the-Earth-Stood-Still,-The","https://www.imsdb.com/scripts/Day-the-Earth-Stood-Still,-The.html","Day the Earth Stood Still, The"
326,Days-of-Heaven,https://www.imsdb.com/scripts/Days-of-Heaven.html,Days of Heaven
327,Dead-Poets-Society,https://www.imsdb.com/scripts/Dead-Poets-Society.html,Dead Poets Society
328,Deadpool,https://www.imsdb.com/scripts/Deadpool.html,Deadpool
329,Dear-White-People,https://www.imsdb.com/scripts/Dear-White-People.html,Dear White People
330,Death-at-a-Funeral,https://www.imsdb.com/scripts/Death-at-a-Funeral.html,Death at a Funeral
331,Death-to-Smoochy,https://www.imsdb.com/scripts/Death-to-Smoochy.html,Death to Smoochy
332,"Debt,-The","https://www.imsdb.com/scripts/Debt,-The.html","Debt, The"
333,Deception,https://www.imsdb.com/scripts/Deception.html,Deception
334,Deep-Cover,https://www.imsdb.com/scripts/Deep-Cover.html,Deep Cover
335,Deep-Rising,https://www.imsdb.com/scripts/Deep-Rising.html,Deep Rising
336,"Deer-Hunter,-The","https://www.imsdb.com/scripts/Deer-Hunter,-The.html","Deer Hunter, The"
337,Defiance,https://www.imsdb.com/scripts/Defiance.html,Defiance
338,"Departed,-The","https://www.imsdb.com/scripts/Departed,-The.html","Departed, The"
339,"Descendants,-The","https://www.imsdb.com/scripts/Descendants,-The.html","Descendants, The"
340,Despicable-Me-2,https://www.imsdb.com/scripts/Despicable-Me-2.html,Despicable Me 2
341,Detroit-Rock-City,https://www.imsdb.com/scripts/Detroit-Rock-City.html,Detroit Rock City
342,Devil-in-a-Blue-Dress,https://www.imsdb.com/scripts/Devil-in-a-Blue-Dress.html,Devil in a Blue Dress
343,"Devil-Wears-Prada,-The","https://www.imsdb.com/scripts/Devil-Wears-Prada,-The.html","Devil Wears Prada, The"
344,Devil's-Advocate,https://www.imsdb.com/scripts/Devil's-Advocate.html,Devil's Advocate
345,Die-Hard,https://www.imsdb.com/scripts/Die-Hard.html,Die Hard
346,Die-Hard-2,https://www.imsdb.com/scripts/Die-Hard-2.html,Die Hard 2
347,Diner,https://www.imsdb.com/scripts/Diner.html,Diner
348,"Distinguished-Gentleman,-The","https://www.imsdb.com/scripts/Distinguished-Gentleman,-The.html","Distinguished Gentleman, The"
349,Disturbia,https://www.imsdb.com/scripts/Disturbia.html,Disturbia
350,Django-Unchained,https://www.imsdb.com/scripts/Django-Unchained.html,Django Unchained
351,Do-The-Right-Thing,https://www.imsdb.com/scripts/Do-The-Right-Thing.html,Do The Right Thing
352,Dog-Day-Afternoon,https://www.imsdb.com/scripts/Dog-Day-Afternoon.html,Dog Day Afternoon
353,Dogma,https://www.imsdb.com/scripts/Dogma.html,Dogma
354,Donnie-Brasco,https://www.imsdb.com/scripts/Donnie-Brasco.html,Donnie Brasco
356,"Doors,-The","https://www.imsdb.com/scripts/Doors,-The.html","Doors, The"
357,Double-Indemnity,https://www.imsdb.com/scripts/Double-Indemnity.html,Double Indemnity
358,Drag-Me-to-Hell,https://www.imsdb.com/scripts/Drag-Me-to-Hell.html,Drag Me to Hell
359,Dragonslayer,https://www.imsdb.com/scripts/Dragonslayer.html,Dragonslayer
360,Drive,https://www.imsdb.com/scripts/Drive.html,Drive
361,Drive-Angry,https://www.imsdb.com/scripts/Drive-Angry.html,Drive Angry
362,Drop-Dead-Gorgeous,https://www.imsdb.com/scripts/Drop-Dead-Gorgeous.html,Drop Dead Gorgeous
363,"Dry-White-Season,-A","https://www.imsdb.com/scripts/Dry-White-Season,-A.html","Dry White Season, A"
364,Duck-Soup,https://www.imsdb.com/scripts/Duck-Soup.html,Duck Soup
365,Dumb-and-Dumber,https://www.imsdb.com/scripts/Dumb-and-Dumber.html,Dumb and Dumber
366,Dune,https://www.imsdb.com/scripts/Dune.html,Dune
367,E.T.,https://www.imsdb.com/scripts/E.T..html,E.T.
368,Eagle-Eye,https://www.imsdb.com/scripts/Eagle-Eye.html,Eagle Eye
369,Eastern-Promises,https://www.imsdb.com/scripts/Eastern-Promises.html,Eastern Promises
370,Easy-A,https://www.imsdb.com/scripts/Easy-A.html,Easy A
371,Ed-TV,https://www.imsdb.com/scripts/Ed-TV.html,Ed TV
372,Ed-Wood,https://www.imsdb.com/scripts/Ed-Wood.html,Ed Wood
373,Edward-Scissorhands,https://www.imsdb.com/scripts/Edward-Scissorhands.html,Edward Scissorhands
374,Eight-Legged-Freaks,https://www.imsdb.com/scripts/Eight-Legged-Freaks.html,Eight Legged Freaks
376,Election,https://www.imsdb.com/scripts/Election.html,Election
377,"Elephant-Man,-The","https://www.imsdb.com/scripts/Elephant-Man,-The.html","Elephant Man, The"
378,Elizabeth-The-Golden-Age,https://www.imsdb.com/scripts/Elizabeth-The-Golden-Age.html,Elizabeth: The Golden Age
380,"English-Patient,-The","https://www.imsdb.com/scripts/English-Patient,-The.html","English Patient, The"
381,Enough,https://www.imsdb.com/scripts/Enough.html,Enough
382,Entrapment,https://www.imsdb.com/scripts/Entrapment.html,Entrapment
384,Erik-the-Viking,https://www.imsdb.com/scripts/Erik-the-Viking.html,Erik the Viking
385,Erin-Brockovich,https://www.imsdb.com/scripts/Erin-Brockovich.html,Erin Brockovich
386,Escape-From-L.A.,https://www.imsdb.com/scripts/Escape-From-L.A..html,Escape From L.A.
387,Escape-From-New-York,https://www.imsdb.com/scripts/Escape-From-New-York.html,Escape From New York
388,Eternal-Sunshine-of-the-Spotless-Mind,https://www.imsdb.com/scripts/Eternal-Sunshine-of-the-Spotless-Mind.html,Eternal Sunshine of the Spotless Mind
389,Even-Cowgirls-Get-the-Blues,https://www.imsdb.com/scripts/Even-Cowgirls-Get-the-Blues.html,Even Cowgirls Get the Blues
390,Event-Horizon,https://www.imsdb.com/scripts/Event-Horizon.html,Event Horizon
391,Evil-Dead,https://www.imsdb.com/scripts/Evil-Dead.html,Evil Dead
392,Evil-Dead-II-Dead-by-Dawn,https://www.imsdb.com/scripts/Evil-Dead-II-Dead-by-Dawn.html,Evil Dead II: Dead by Dawn
393,Ex-Machina,https://www.imsdb.com/scripts/Ex-Machina.html,Ex Machina
394,Excalibur,https://www.imsdb.com/scripts/Excalibur.html,Excalibur
397,Extract,https://www.imsdb.com/scripts/Extract.html,Extract
399,"Fabulous-Baker-Boys,-The","https://www.imsdb.com/scripts/Fabulous-Baker-Boys,-The.html","Fabulous Baker Boys, The"
400,Face-Off,https://www.imsdb.com/scripts/Face-Off.html,Face Off
401,Fair-Game,https://www.imsdb.com/scripts/Fair-Game.html,Fair Game
402,"Family-Man,-The","https://www.imsdb.com/scripts/Family-Man,-The.html","Family Man, The"
403,Fantastic-Four,https://www.imsdb.com/scripts/Fantastic-Four.html,Fantastic Four
404,Fantastic-Mr-Fox,https://www.imsdb.com/scripts/Fantastic-Mr-Fox.html,Fantastic Mr Fox
405,Fargo,https://www.imsdb.com/scripts/Fargo.html,Fargo
406,Fast-Times-at-Ridgemont-High,https://www.imsdb.com/scripts/Fast-Times-at-Ridgemont-High.html,Fast Times at Ridgemont High
407,Fatal-Instinct,https://www.imsdb.com/scripts/Fatal-Instinct.html,Fatal Instinct
408,"Fault-in-Our-Stars,-The","https://www.imsdb.com/scripts/Fault-in-Our-Stars,-The.html","Fault in Our Stars, The"
409,Fear-and-Loathing-in-Las-Vegas,https://www.imsdb.com/scripts/Fear-and-Loathing-in-Las-Vegas.html,Fear and Loathing in Las Vegas
410,Feast,https://www.imsdb.com/scripts/Feast.html,Feast
411,Ferris-Bueller's-Day-Off,https://www.imsdb.com/scripts/Ferris-Bueller's-Day-Off.html,Ferris Bueller's Day Off
412,Field-of-Dreams,https://www.imsdb.com/scripts/Field-of-Dreams.html,Field of Dreams
413,"Fifth-Element,-The","https://www.imsdb.com/scripts/Fifth-Element,-The.html","Fifth Element, The"
414,Fight-Club,https://www.imsdb.com/scripts/Fight-Club.html,Fight Club
415,"Fighter,-The","https://www.imsdb.com/scripts/Fighter,-The.html","Fighter, The"
416,Final-Destination,https://www.imsdb.com/scripts/Final-Destination.html,Final Destination
417,Final-Destination-2,https://www.imsdb.com/scripts/Final-Destination-2.html,Final Destination 2
418,Finding-Nemo,https://www.imsdb.com/scripts/Finding-Nemo.html,Finding Nemo
419,Five-Easy-Pieces,https://www.imsdb.com/scripts/Five-Easy-Pieces.html,Five Easy Pieces
420,Flash-Gordon,https://www.imsdb.com/scripts/Flash-Gordon.html,Flash Gordon
422,Flight,https://www.imsdb.com/scripts/Flight.html,Flight
423,"Flintstones,-The","https://www.imsdb.com/scripts/Flintstones,-The.html","Flintstones, The"
424,Forrest-Gump,https://www.imsdb.com/scripts/Forrest-Gump.html,Forrest Gump
425,Four-Feathers,https://www.imsdb.com/scripts/Four-Feathers.html,Four Feathers
426,Four-Rooms,https://www.imsdb.com/scripts/Four-Rooms.html,Four Rooms
427,Foxcatcher,https://www.imsdb.com/scripts/Foxcatcher.html,Foxcatcher
428,Fracture,https://www.imsdb.com/scripts/Fracture.html,Fracture
429,Frances,https://www.imsdb.com/scripts/Frances.html,Frances
432,Freaked,https://www.imsdb.com/scripts/Freaked.html,Freaked
433,Freddy-vs.-Jason,https://www.imsdb.com/scripts/Freddy-vs.-Jason.html,Freddy vs. Jason
434,"French-Connection,-The","https://www.imsdb.com/scripts/French-Connection,-The.html","French Connection, The"
436,Friday-the-13th,https://www.imsdb.com/scripts/Friday-the-13th.html,Friday the 13th
437,Friday-the-13th-Part-VIII-Jason-Takes-Manhattan,https://www.imsdb.com/scripts/Friday-the-13th-Part-VIII-Jason-Takes-Manhattan.html,Friday the 13th Part VIII: Jason Takes Manhattan
438,Fright-Night,https://www.imsdb.com/scripts/Fright-Night.html,Fright Night
439,Fright-Night-(1985),https://www.imsdb.com/scripts/Fright-Night-(1985).html,Fright Night (1985)
440,From-Dusk-Till-Dawn,https://www.imsdb.com/scripts/From-Dusk-Till-Dawn.html,From Dusk Till Dawn
441,From-Here-to-Eternity,https://www.imsdb.com/scripts/From-Here-to-Eternity.html,From Here to Eternity
442,Frozen,https://www.imsdb.com/scripts/Frozen.html,Frozen
443,Frozen-(Disney),https://www.imsdb.com/scripts/Frozen-(Disney).html,Frozen (Disney)
444,Frozen-River,https://www.imsdb.com/scripts/Frozen-River.html,Frozen River
445,Fruitvale-Station,https://www.imsdb.com/scripts/Fruitvale-Station.html,Fruitvale Station
446,"Fugitive,-The","https://www.imsdb.com/scripts/Fugitive,-The.html","Fugitive, The"
448,Funny-People,https://www.imsdb.com/scripts/Funny-People.html,Funny People
450,G.I.-Jane,https://www.imsdb.com/scripts/G.I.-Jane.html,G.I. Jane
451,G.I.-Joe-The-Rise-of-Cobra,https://www.imsdb.com/scripts/G.I.-Joe-The-Rise-of-Cobra.html,G.I. Joe: The Rise of Cobra
452,Game-6,https://www.imsdb.com/scripts/Game-6.html,Game 6
453,"Game,-The","https://www.imsdb.com/scripts/Game,-The.html","Game, The"
454,Gamer,https://www.imsdb.com/scripts/Gamer.html,Gamer
455,Gandhi,https://www.imsdb.com/scripts/Gandhi.html,Gandhi
456,Gang-Related,https://www.imsdb.com/scripts/Gang-Related.html,Gang Related
457,Gangs-of-New-York,https://www.imsdb.com/scripts/Gangs-of-New-York.html,Gangs of New York
458,Garden-State,https://www.imsdb.com/scripts/Garden-State.html,Garden State
459,Gattaca,https://www.imsdb.com/scripts/Gattaca.html,Gattaca
460,Get-Carter,https://www.imsdb.com/scripts/Get-Carter.html,Get Carter
461,Get-Low,https://www.imsdb.com/scripts/Get-Low.html,Get Low
462,Get-on-Up,https://www.imsdb.com/scripts/Get-on-Up.html,Get on Up
463,Get-Out,https://www.imsdb.com/scripts/Get-Out.html,Get Out
465,"Getaway,-The","https://www.imsdb.com/scripts/Getaway,-The.html","Getaway, The"
466,Ghost,https://www.imsdb.com/scripts/Ghost.html,Ghost
467,"Ghost-and-the-Darkness,-The","https://www.imsdb.com/scripts/Ghost-and-the-Darkness,-The.html","Ghost and the Darkness, The"
468,Ghost-Rider,https://www.imsdb.com/scripts/Ghost-Rider.html,Ghost Rider
469,Ghost-Ship,https://www.imsdb.com/scripts/Ghost-Ship.html,Ghost Ship
470,Ghost-World,https://www.imsdb.com/scripts/Ghost-World.html,Ghost World
471,Ghostbusters,https://www.imsdb.com/scripts/Ghostbusters.html,Ghostbusters
472,Ghostbusters-2,https://www.imsdb.com/scripts/Ghostbusters-2.html,Ghostbusters 2
474,"Girl-with-the-Dragon-Tattoo,-The","https://www.imsdb.com/scripts/Girl-with-the-Dragon-Tattoo,-The.html","Girl with the Dragon Tattoo, The"
475,Gladiator,https://www.imsdb.com/scripts/Gladiator.html,Gladiator
476,Glengarry-Glen-Gross,https://www.imsdb.com/scripts/Glengarry-Glen-Gross.html,Glengarry Glen Gross
477,Go,https://www.imsdb.com/scripts/Go.html,Go
478,Godfather,https://www.imsdb.com/scripts/Godfather.html,Godfather
479,Godfather-Part-II,https://www.imsdb.com/scripts/Godfather-Part-II.html,Godfather Part II
480,"Godfather-Part-III,-The","https://www.imsdb.com/scripts/Godfather-Part-III,-The.html","Godfather Part III, The"
481,Gods-and-Monsters,https://www.imsdb.com/scripts/Gods-and-Monsters.html,Gods and Monsters
482,Godzilla,https://www.imsdb.com/scripts/Godzilla.html,Godzilla
483,Gone-Baby-Gone,https://www.imsdb.com/scripts/Gone-Baby-Gone.html,Gone Baby Gone
484,Gone-in-60-Seconds,https://www.imsdb.com/scripts/Gone-in-60-Seconds.html,Gone in 60 Seconds
485,"Good-Girl,-The","https://www.imsdb.com/scripts/Good-Girl,-The.html","Good Girl, The"
486,Good-Will-Hunting,https://www.imsdb.com/scripts/Good-Will-Hunting.html,Good Will Hunting
488,Gothika,https://www.imsdb.com/scripts/Gothika.html,Gothika
489,Grabbers,https://www.imsdb.com/scripts/Grabbers.html,Grabbers
490,"Graduate,-The","https://www.imsdb.com/scripts/Graduate,-The.html","Graduate, The"
491,Gran-Torino,https://www.imsdb.com/scripts/Gran-Torino.html,Gran Torino
492,Grand-Hotel,https://www.imsdb.com/scripts/Grand-Hotel.html,Grand Hotel
493,Grand-Theft-Parsons,https://www.imsdb.com/scripts/Grand-Theft-Parsons.html,Grand Theft Parsons
494,"Grapes-of-Wrath,-The","https://www.imsdb.com/scripts/Grapes-of-Wrath,-The.html","Grapes of Wrath, The"
495,Gravity,https://www.imsdb.com/scripts/Gravity.html,Gravity
496,"Great-Gatsby,-The","https://www.imsdb.com/scripts/Great-Gatsby,-The.html","Great Gatsby, The"
497,"Green-Mile,-The","https://www.imsdb.com/scripts/Green-Mile,-The.html","Green Mile, The"
498,Gremlins,https://www.imsdb.com/scripts/Gremlins.html,Gremlins
499,Gremlins-2,https://www.imsdb.com/scripts/Gremlins-2.html,Gremlins 2
500,"Grifters,-The","https://www.imsdb.com/scripts/Grifters,-The.html","Grifters, The"
501,Grosse-Point-Blank,https://www.imsdb.com/scripts/Grosse-Point-Blank.html,Grosse Point Blank
502,Groundhog-Day,https://www.imsdb.com/scripts/Groundhog-Day.html,Groundhog Day
503,"Grudge,-The","https://www.imsdb.com/scripts/Grudge,-The.html","Grudge, The"
504,Guardians-of-the-Galaxy-Vol-2,https://www.imsdb.com/scripts/Guardians-of-the-Galaxy-Vol-2.html,Guardians of the Galaxy Vol 2
505,Hackers,https://www.imsdb.com/scripts/Hackers.html,Hackers
506,Hall-Pass,https://www.imsdb.com/scripts/Hall-Pass.html,Hall Pass
507,Halloween,https://www.imsdb.com/scripts/Halloween.html,Halloween
509,Hancock,https://www.imsdb.com/scripts/Hancock.html,Hancock
510,"Hangover,-The","https://www.imsdb.com/scripts/Hangover,-The.html","Hangover, The"
511,Hanna,https://www.imsdb.com/scripts/Hanna.html,Hanna
512,Hannah-and-Her-Sisters,https://www.imsdb.com/scripts/Hannah-and-Her-Sisters.html,Hannah and Her Sisters
513,Hannibal,https://www.imsdb.com/scripts/Hannibal.html,Hannibal
514,"Happy-Birthday,-Wanda-June","https://www.imsdb.com/scripts/Happy-Birthday,-Wanda-June.html","Happy Birthday, Wanda June"
515,Happy-Feet,https://www.imsdb.com/scripts/Happy-Feet.html,Happy Feet
516,Hard-Rain,https://www.imsdb.com/scripts/Hard-Rain.html,Hard Rain
517,Hard-to-Kill,https://www.imsdb.com/scripts/Hard-to-Kill.html,Hard to Kill
518,Harold-and-Kumar-Go-to-White-Castle,https://www.imsdb.com/scripts/Harold-and-Kumar-Go-to-White-Castle.html,Harold and Kumar Go to White Castle
525,"Haunting,-The","https://www.imsdb.com/scripts/Haunting,-The.html","Haunting, The"
526,He's-Just-Not-That-Into-You,https://www.imsdb.com/scripts/He's-Just-Not-That-Into-You.html,He's Just Not That Into You
527,Heat,https://www.imsdb.com/scripts/Heat.html,Heat
528,Heathers,https://www.imsdb.com/scripts/Heathers.html,Heathers
529,Heavenly-Creatures,https://www.imsdb.com/scripts/Heavenly-Creatures.html,Heavenly Creatures
531,"Hebrew-Hammer,-The","https://www.imsdb.com/scripts/Hebrew-Hammer,-The.html","Hebrew Hammer, The"
532,Heist,https://www.imsdb.com/scripts/Heist.html,Heist
533,Hellbound-Hellraiser-II,https://www.imsdb.com/scripts/Hellbound-Hellraiser-II.html,Hellbound: Hellraiser II
534,Hellboy,https://www.imsdb.com/scripts/Hellboy.html,Hellboy
535,Hellboy-2-The-Golden-Army,https://www.imsdb.com/scripts/Hellboy-2-The-Golden-Army.html,Hellboy 2: The Golden Army
536,Hellraiser,https://www.imsdb.com/scripts/Hellraiser.html,Hellraiser
537,Hellraiser-3-Hell-on-Earth,https://www.imsdb.com/scripts/Hellraiser-3-Hell-on-Earth.html,Hellraiser 3: Hell on Earth
538,Hellraiser-Deader,https://www.imsdb.com/scripts/Hellraiser-Deader.html,Hellraiser: Deader
539,Hellraiser-Hellseeker,https://www.imsdb.com/scripts/Hellraiser-Hellseeker.html,Hellraiser: Hellseeker
540,"Help,-The","https://www.imsdb.com/scripts/Help,-The.html","Help, The"
541,Henry-Fool,https://www.imsdb.com/scripts/Henry-Fool.html,Henry Fool
542,Henry's-Crime,https://www.imsdb.com/scripts/Henry's-Crime.html,Henry's Crime
543,Her,https://www.imsdb.com/scripts/Her.html,Her
544,Hesher,https://www.imsdb.com/scripts/Hesher.html,Hesher
545,High-Fidelity,https://www.imsdb.com/scripts/High-Fidelity.html,High Fidelity
546,Highlander,https://www.imsdb.com/scripts/Highlander.html,Highlander
547,Highlander-Endgame,https://www.imsdb.com/scripts/Highlander-Endgame.html,Highlander: Endgame
548,"Hills-Have-Eyes,-The","https://www.imsdb.com/scripts/Hills-Have-Eyes,-The.html","Hills Have Eyes, The"
549,His-Girl-Friday,https://www.imsdb.com/scripts/His-Girl-Friday.html,His Girl Friday
550,Hitchcock,https://www.imsdb.com/scripts/Hitchcock.html,Hitchcock
551,"Hitchhiker's-Guide-to-the-Galaxy,-The","https://www.imsdb.com/scripts/Hitchhiker's-Guide-to-the-Galaxy,-The.html","Hitchhiker's Guide to the Galaxy, The"
552,Hollow-Man,https://www.imsdb.com/scripts/Hollow-Man.html,Hollow Man
553,Honeydripper,https://www.imsdb.com/scripts/Honeydripper.html,Honeydripper
554,Horrible-Bosses,https://www.imsdb.com/scripts/Horrible-Bosses.html,Horrible Bosses
555,"Horse-Whisperer,-The","https://www.imsdb.com/scripts/Horse-Whisperer,-The.html","Horse Whisperer, The"
556,"Hospital,-The","https://www.imsdb.com/scripts/Hospital,-The.html","Hospital, The"
557,Hostage,https://www.imsdb.com/scripts/Hostage.html,Hostage
558,Hot-Tub-Time-Machine,https://www.imsdb.com/scripts/Hot-Tub-Time-Machine.html,Hot Tub Time Machine
559,Hotel-Rwanda,https://www.imsdb.com/scripts/Hotel-Rwanda.html,Hotel Rwanda
560,House-of-1000-Corpses,https://www.imsdb.com/scripts/House-of-1000-Corpses.html,House of 1000 Corpses
562,How-to-Train-Your-Dragon,https://www.imsdb.com/scripts/How-to-Train-Your-Dragon.html,How to Train Your Dragon
563,How-to-Train-Your-Dragon-2,https://www.imsdb.com/scripts/How-to-Train-Your-Dragon-2.html,How to Train Your Dragon 2
564,Hudson-Hawk,https://www.imsdb.com/scripts/Hudson-Hawk.html,Hudson Hawk
565,"Hudsucker-Proxy,-The","https://www.imsdb.com/scripts/Hudsucker-Proxy,-The.html","Hudsucker Proxy, The"
566,Human-Nature,https://www.imsdb.com/scripts/Human-Nature.html,Human Nature
567,"Hunt-for-Red-October,-The","https://www.imsdb.com/scripts/Hunt-for-Red-October,-The.html","Hunt for Red October, The"
568,"Hurt-Locker,-The","https://www.imsdb.com/scripts/Hurt-Locker,-The.html","Hurt Locker, The"
569,I-Am-Number-Four,https://www.imsdb.com/scripts/I-Am-Number-Four.html,I Am Number Four
570,I-am-Sam,https://www.imsdb.com/scripts/I-am-Sam.html,I am Sam
571,I-Love-You-Phillip-Morris,https://www.imsdb.com/scripts/I-Love-You-Phillip-Morris.html,I Love You Phillip Morris
572,I-Spit-on-Your-Grave,https://www.imsdb.com/scripts/I-Spit-on-Your-Grave.html,I Spit on Your Grave
573,I-Still-Know-What-You-Did-Last-Summer,https://www.imsdb.com/scripts/I-Still-Know-What-You-Did-Last-Summer.html,I Still Know What You Did Last Summer
574,I'll-Do-Anything,https://www.imsdb.com/scripts/I'll-Do-Anything.html,I'll Do Anything
575,"I,-Robot","https://www.imsdb.com/scripts/I,-Robot.html","I, Robot"
576,"Ice-Storm,-The","https://www.imsdb.com/scripts/Ice-Storm,-The.html","Ice Storm, The"
577,"Ides-of-March,-The","https://www.imsdb.com/scripts/Ides-of-March,-The.html","Ides of March, The"
578,"Imaginarium-of-Doctor-Parnassus,-The","https://www.imsdb.com/scripts/Imaginarium-of-Doctor-Parnassus,-The.html","Imaginarium of Doctor Parnassus, The"
579,In-the-Bedroom,https://www.imsdb.com/scripts/In-the-Bedroom.html,In the Bedroom
580,In-the-Loop,https://www.imsdb.com/scripts/In-the-Loop.html,In the Loop
581,Inception,https://www.imsdb.com/scripts/Inception.html,Inception
583,Independence-Day,https://www.imsdb.com/scripts/Independence-Day.html,Independence Day
584,Indiana-Jones-and-the-Last-Crusade,https://www.imsdb.com/scripts/Indiana-Jones-and-the-Last-Crusade.html,Indiana Jones and the Last Crusade
585,Indiana-Jones-and-the-Raiders-of-the-Lost-Ark,https://www.imsdb.com/scripts/Indiana-Jones-and-the-Raiders-of-the-Lost-Ark.html,Indiana Jones and the Raiders of the Lost Ark
586,Indiana-Jones-and-the-Temple-of-Doom,https://www.imsdb.com/scripts/Indiana-Jones-and-the-Temple-of-Doom.html,Indiana Jones and the Temple of Doom
587,Indiana-Jones-IV,https://www.imsdb.com/scripts/Indiana-Jones-IV.html,Indiana Jones IV
588,"Informant,-The","https://www.imsdb.com/scripts/Informant,-The.html","Informant, The"
589,Inglourious-Basterds,https://www.imsdb.com/scripts/Inglourious-Basterds.html,Inglourious Basterds
591,"Insider,-The","https://www.imsdb.com/scripts/Insider,-The.html","Insider, The"
592,Insidious,https://www.imsdb.com/scripts/Insidious.html,Insidious
593,Insomnia,https://www.imsdb.com/scripts/Insomnia.html,Insomnia
594,Interstellar,https://www.imsdb.com/scripts/Interstellar.html,Interstellar
595,Interview-with-the-Vampire,https://www.imsdb.com/scripts/Interview-with-the-Vampire.html,Interview with the Vampire
596,Into-the-Wild,https://www.imsdb.com/scripts/Into-the-Wild.html,Into the Wild
597,Into-the-Woods,https://www.imsdb.com/scripts/Into-the-Woods.html,Into the Woods
598,Intolerable-Cruelty,https://www.imsdb.com/scripts/Intolerable-Cruelty.html,Intolerable Cruelty
599,Inventing-the-Abbotts,https://www.imsdb.com/scripts/Inventing-the-Abbotts.html,Inventing the Abbotts
600,"Invention-of-Lying,-The","https://www.imsdb.com/scripts/Invention-of-Lying,-The.html","Invention of Lying, The"
601,Invictus,https://www.imsdb.com/scripts/Invictus.html,Invictus
602,"Iron-Lady,-The","https://www.imsdb.com/scripts/Iron-Lady,-The.html","Iron Lady, The"
603,"Island,-The","https://www.imsdb.com/scripts/Island,-The.html","Island, The"
604,It,https://www.imsdb.com/scripts/It.html,It
605,It-Happened-One-Night,https://www.imsdb.com/scripts/It-Happened-One-Night.html,It Happened One Night
607,It's-a-Wonderful-Life,https://www.imsdb.com/scripts/It's-a-Wonderful-Life.html,It's a Wonderful Life
608,It's-Complicated,https://www.imsdb.com/scripts/It's-Complicated.html,It's Complicated
609,"Italian-Job,-The","https://www.imsdb.com/scripts/Italian-Job,-The.html","Italian Job, The"
610,"Jacket,-The","https://www.imsdb.com/scripts/Jacket,-The.html","Jacket, The"
611,Jackie-Brown,https://www.imsdb.com/scripts/Jackie-Brown.html,Jackie Brown
612,Jacob's-Ladder,https://www.imsdb.com/scripts/Jacob's-Ladder.html,Jacob's Ladder
614,Jane-Eyre,https://www.imsdb.com/scripts/Jane-Eyre.html,Jane Eyre
615,Jason-X,https://www.imsdb.com/scripts/Jason-X.html,Jason X
616,Jaws,https://www.imsdb.com/scripts/Jaws.html,Jaws
617,Jaws-2,https://www.imsdb.com/scripts/Jaws-2.html,Jaws 2
618,Jay-and-Silent-Bob-Strike-Back,https://www.imsdb.com/scripts/Jay-and-Silent-Bob-Strike-Back.html,Jay and Silent Bob Strike Back
619,Jennifer-Eight,https://www.imsdb.com/scripts/Jennifer-Eight.html,Jennifer Eight
620,Jennifer's-Body,https://www.imsdb.com/scripts/Jennifer's-Body.html,Jennifer's Body
621,Jerry-Maguire,https://www.imsdb.com/scripts/Jerry-Maguire.html,Jerry Maguire
622,Jeux-Interdits,https://www.imsdb.com/scripts/Jeux-Interdits.html,Jeux Interdits
623,JFK,https://www.imsdb.com/scripts/JFK.html,JFK
624,Jimmy-and-Judy,https://www.imsdb.com/scripts/Jimmy-and-Judy.html,Jimmy and Judy
625,John-Q,https://www.imsdb.com/scripts/John-Q.html,John Q
626,John-Wick,https://www.imsdb.com/scripts/John-Wick.html,John Wick
627,Joker,https://www.imsdb.com/scripts/Joker.html,Joker
628,Judge-Dredd,https://www.imsdb.com/scripts/Judge-Dredd.html,Judge Dredd
629,Juno,https://www.imsdb.com/scripts/Juno.html,Juno
630,Jurassic-Park,https://www.imsdb.com/scripts/Jurassic-Park.html,Jurassic Park
632,Jurassic-Park-The-Lost-World,https://www.imsdb.com/scripts/Jurassic-Park-The-Lost-World.html,Jurassic Park: The Lost World
633,Kafka,https://www.imsdb.com/scripts/Kafka.html,Kafka
634,Kalifornia,https://www.imsdb.com/scripts/Kalifornia.html,Kalifornia
636,Kids,https://www.imsdb.com/scripts/Kids.html,Kids
637,"Kids-Are-All-Right,-The","https://www.imsdb.com/scripts/Kids-Are-All-Right,-The.html","Kids Are All Right, The"
639,Kill-Your-Darlings,https://www.imsdb.com/scripts/Kill-Your-Darlings.html,Kill Your Darlings
640,Killing-Zoe,https://www.imsdb.com/scripts/Killing-Zoe.html,Killing Zoe
641,King-Kong,https://www.imsdb.com/scripts/King-Kong.html,King Kong
642,"King-of-Comedy,-The","https://www.imsdb.com/scripts/King-of-Comedy,-The.html","King of Comedy, The"
643,"King's-Speech,-The","https://www.imsdb.com/scripts/King's-Speech,-The.html","King's Speech, The"
644,"Kingdom,-The","https://www.imsdb.com/scripts/Kingdom,-The.html","Kingdom, The"
646,Klute,https://www.imsdb.com/scripts/Klute.html,Klute
647,Knocked-Up,https://www.imsdb.com/scripts/Knocked-Up.html,Knocked Up
648,Kramer-vs-Kramer,https://www.imsdb.com/scripts/Kramer-vs-Kramer.html,Kramer vs Kramer
649,Kundun,https://www.imsdb.com/scripts/Kundun.html,Kundun
650,Kung-Fu-Panda,https://www.imsdb.com/scripts/Kung-Fu-Panda.html,Kung Fu Panda
651,L.A.-Confidential,https://www.imsdb.com/scripts/L.A.-Confidential.html,L.A. Confidential
652,La-La-Land,https://www.imsdb.com/scripts/La-La-Land.html,La La Land
653,Labor-of-Love,https://www.imsdb.com/scripts/Labor-of-Love.html,Labor of Love
654,Labyrinth,https://www.imsdb.com/scripts/Labyrinth.html,Labyrinth
655,"Ladykillers,-The","https://www.imsdb.com/scripts/Ladykillers,-The.html","Ladykillers, The"
656,Lake-Placid,https://www.imsdb.com/scripts/Lake-Placid.html,Lake Placid
657,Land-of-the-Dead,https://www.imsdb.com/scripts/Land-of-the-Dead.html,Land of the Dead
658,Larry-Crowne,https://www.imsdb.com/scripts/Larry-Crowne.html,Larry Crowne
659,"Last-Boy-Scout,-The","https://www.imsdb.com/scripts/Last-Boy-Scout,-The.html","Last Boy Scout, The"
660,Last-Chance-Harvey,https://www.imsdb.com/scripts/Last-Chance-Harvey.html,Last Chance Harvey
661,"Last-Flight,-The","https://www.imsdb.com/scripts/Last-Flight,-The.html","Last Flight, The"
662,"Last-of-the-Mohicans,-The","https://www.imsdb.com/scripts/Last-of-the-Mohicans,-The.html","Last of the Mohicans, The"
663,"Last-Samurai,-The","https://www.imsdb.com/scripts/Last-Samurai,-The.html","Last Samurai, The"
664,"Last-Station,-The","https://www.imsdb.com/scripts/Last-Station,-The.html","Last Station, The"
665,Last-Tango-in-Paris,https://www.imsdb.com/scripts/Last-Tango-in-Paris.html,Last Tango in Paris
666,Law-Abiding-Citizen,https://www.imsdb.com/scripts/Law-Abiding-Citizen.html,Law Abiding Citizen
667,Le-Diable-par-la-Queue,https://www.imsdb.com/scripts/Le-Diable-par-la-Queue.html,Le Diable par la Queue
669,Legally-Blonde,https://www.imsdb.com/scripts/Legally-Blonde.html,Legally Blonde
670,Legend,https://www.imsdb.com/scripts/Legend.html,Legend
671,Legion,https://www.imsdb.com/scripts/Legion.html,Legion
672,"LEGO-Movie,-The","https://www.imsdb.com/scripts/LEGO-Movie,-The.html","LEGO Movie, The"
673,Les-Miserables,https://www.imsdb.com/scripts/Les-Miserables.html,Les Miserables
674,Les-Tontons-Flingueurs,https://www.imsdb.com/scripts/Les-Tontons-Flingueurs.html,Les Tontons Flingueurs
677,Leviathan,https://www.imsdb.com/scripts/Leviathan.html,Leviathan
678,Liar-Liar,https://www.imsdb.com/scripts/Liar-Liar.html,Liar Liar
679,Life,https://www.imsdb.com/scripts/Life.html,Life
680,Life-As-A-House,https://www.imsdb.com/scripts/Life-As-A-House.html,Life As A House
681,"Life-of-David-Gale,-The","https://www.imsdb.com/scripts/Life-of-David-Gale,-The.html","Life of David Gale, The"
682,Life-of-Pi,https://www.imsdb.com/scripts/Life-of-Pi.html,Life of Pi
683,Light-Sleeper,https://www.imsdb.com/scripts/Light-Sleeper.html,Light Sleeper
684,"Limey,-The","https://www.imsdb.com/scripts/Limey,-The.html","Limey, The"
685,Limitless,https://www.imsdb.com/scripts/Limitless.html,Limitless
686,Lincoln,https://www.imsdb.com/scripts/Lincoln.html,Lincoln
687,"Lincoln-Lawyer,-The","https://www.imsdb.com/scripts/Lincoln-Lawyer,-The.html","Lincoln Lawyer, The"
689,Little-Athens,https://www.imsdb.com/scripts/Little-Athens.html,Little Athens
690,Little-Men,https://www.imsdb.com/scripts/Little-Men.html,Little Men
691,"Little-Mermaid,-The","https://www.imsdb.com/scripts/Little-Mermaid,-The.html","Little Mermaid, The"
692,Little-Nicky,https://www.imsdb.com/scripts/Little-Nicky.html,Little Nicky
693,Living-in-Oblivion,https://www.imsdb.com/scripts/Living-in-Oblivion.html,Living in Oblivion
694,"Lock,-Stock-and-Two-Smoking-Barrels","https://www.imsdb.com/scripts/Lock,-Stock-and-Two-Smoking-Barrels.html","Lock, Stock and Two Smoking Barrels"
695,Logan,https://www.imsdb.com/scripts/Logan.html,Logan
696,Logan's-Run,https://www.imsdb.com/scripts/Logan's-Run.html,Logan's Run
697,Lone-Star,https://www.imsdb.com/scripts/Lone-Star.html,Lone Star
698,"Long-Kiss-Goodnight,-The","https://www.imsdb.com/scripts/Long-Kiss-Goodnight,-The.html","Long Kiss Goodnight, The"
699,Looper,https://www.imsdb.com/scripts/Looper.html,Looper
700,Lord-of-Illusions,https://www.imsdb.com/scripts/Lord-of-Illusions.html,Lord of Illusions
701,"Lord-of-the-Rings-Fellowship-of-the-Ring,-The","https://www.imsdb.com/scripts/Lord-of-the-Rings-Fellowship-of-the-Ring,-The.html","Lord of the Rings: Fellowship of the Ring, The"
702,Lord-of-the-Rings-Return-of-the-King,https://www.imsdb.com/scripts/Lord-of-the-Rings-Return-of-the-King.html,Lord of the Rings: Return of the King
703,Lord-of-the-Rings-The-Two-Towers,https://www.imsdb.com/scripts/Lord-of-the-Rings-The-Two-Towers.html,Lord of the Rings: The Two Towers
704,Lord-of-War,https://www.imsdb.com/scripts/Lord-of-War.html,Lord of War
705,"Losers,-The","https://www.imsdb.com/scripts/Losers,-The.html","Losers, The"
706,Lost-Highway,https://www.imsdb.com/scripts/Lost-Highway.html,Lost Highway
707,Lost-Horizon,https://www.imsdb.com/scripts/Lost-Horizon.html,Lost Horizon
708,Lost-in-Space,https://www.imsdb.com/scripts/Lost-in-Space.html,Lost in Space
709,Lost-in-Translation,https://www.imsdb.com/scripts/Lost-in-Translation.html,Lost in Translation
710,Love-and-Basketball,https://www.imsdb.com/scripts/Love-and-Basketball.html,Love and Basketball
711,Machete,https://www.imsdb.com/scripts/Machete.html,Machete
712,Machine-Gun-Preacher,https://www.imsdb.com/scripts/Machine-Gun-Preacher.html,Machine Gun Preacher
713,Mad-Max-2-The-Road-Warrior,https://www.imsdb.com/scripts/Mad-Max-2-The-Road-Warrior.html,Mad Max 2: The Road Warrior
714,Made,https://www.imsdb.com/scripts/Made.html,Made
715,Magnolia,https://www.imsdb.com/scripts/Magnolia.html,Magnolia
716,"Majestic,-The-(The-Bijou)","https://www.imsdb.com/scripts/Majestic,-The-(The-Bijou).html","Majestic, The (The Bijou)"
717,Major-League,https://www.imsdb.com/scripts/Major-League.html,Major League
718,Malcolm-X,https://www.imsdb.com/scripts/Malcolm-X.html,Malcolm X
719,Malibu's-Most-Wanted,https://www.imsdb.com/scripts/Malibu's-Most-Wanted.html,Malibu's Most Wanted
720,Man-in-the-Iron-Mask,https://www.imsdb.com/scripts/Man-in-the-Iron-Mask.html,Man in the Iron Mask
721,Man-On-Fire,https://www.imsdb.com/scripts/Man-On-Fire.html,Man On Fire
722,Man-on-the-Moon,https://www.imsdb.com/scripts/Man-on-the-Moon.html,Man on the Moon
723,Man-Trouble,https://www.imsdb.com/scripts/Man-Trouble.html,Man Trouble
724,"Man-Who-Knew-Too-Much,-The","https://www.imsdb.com/scripts/Man-Who-Knew-Too-Much,-The.html","Man Who Knew Too Much, The"
725,"Man-Who-Wasn't-There,-The","https://www.imsdb.com/scripts/Man-Who-Wasn't-There,-The.html","Man Who Wasn't There, The"
726,"Manchurian-Candidate,-The","https://www.imsdb.com/scripts/Manchurian-Candidate,-The.html","Manchurian Candidate, The"
727,Manhattan-Murder-Mystery,https://www.imsdb.com/scripts/Manhattan-Murder-Mystery.html,Manhattan Murder Mystery
728,Manhunter,https://www.imsdb.com/scripts/Manhunter.html,Manhunter
729,Margaret,https://www.imsdb.com/scripts/Margaret.html,Margaret
730,Margin-Call,https://www.imsdb.com/scripts/Margin-Call.html,Margin Call
731,Margot-at-the-Wedding,https://www.imsdb.com/scripts/Margot-at-the-Wedding.html,Margot at the Wedding
732,"Mariachi,-El","https://www.imsdb.com/scripts/Mariachi,-El.html","Mariachi, El"
734,Martha-Marcy-May-Marlene,https://www.imsdb.com/scripts/Martha-Marcy-May-Marlene.html,Martha Marcy May Marlene
735,"Martian,-The","https://www.imsdb.com/scripts/Martian,-The.html","Martian, The"
736,Marty,https://www.imsdb.com/scripts/Marty.html,Marty
737,Mary-Poppins,https://www.imsdb.com/scripts/Mary-Poppins.html,Mary Poppins
738,"Mask,-The","https://www.imsdb.com/scripts/Mask,-The.html","Mask, The"
739,Master-and-Commander,https://www.imsdb.com/scripts/Master-and-Commander.html,Master and Commander
740,"Master,-The","https://www.imsdb.com/scripts/Master,-The.html","Master, The"
742,"Matrix-Reloaded,-The","https://www.imsdb.com/scripts/Matrix-Reloaded,-The.html","Matrix Reloaded, The"
743,"Matrix,-The","https://www.imsdb.com/scripts/Matrix,-The.html","Matrix, The"
744,Max-Payne,https://www.imsdb.com/scripts/Max-Payne.html,Max Payne
745,Mean-Streets,https://www.imsdb.com/scripts/Mean-Streets.html,Mean Streets
746,"Mechanic,-The","https://www.imsdb.com/scripts/Mechanic,-The.html","Mechanic, The"
747,Meet-Joe-Black,https://www.imsdb.com/scripts/Meet-Joe-Black.html,Meet Joe Black
748,Meet-John-Doe,https://www.imsdb.com/scripts/Meet-John-Doe.html,Meet John Doe
749,Megamind,https://www.imsdb.com/scripts/Megamind.html,Megamind
750,Memento,https://www.imsdb.com/scripts/Memento.html,Memento
751,Men-in-Black,https://www.imsdb.com/scripts/Men-in-Black.html,Men in Black
752,Men-in-Black-3,https://www.imsdb.com/scripts/Men-in-Black-3.html,Men in Black 3
753,"Men-Who-Stare-at-Goats,-The","https://www.imsdb.com/scripts/Men-Who-Stare-at-Goats,-The.html","Men Who Stare at Goats, The"
754,Metro,https://www.imsdb.com/scripts/Metro.html,Metro
755,Miami-Vice,https://www.imsdb.com/scripts/Miami-Vice.html,Miami Vice
756,Midnight-Cowboy,https://www.imsdb.com/scripts/Midnight-Cowboy.html,Midnight Cowboy
757,Midnight-Express,https://www.imsdb.com/scripts/Midnight-Express.html,Midnight Express
758,Midnight-in-Paris,https://www.imsdb.com/scripts/Midnight-in-Paris.html,Midnight in Paris
759,Mighty-Joe-Young,https://www.imsdb.com/scripts/Mighty-Joe-Young.html,Mighty Joe Young
760,Mighty-Morphin-Power-Rangers-The-Movie,https://www.imsdb.com/scripts/Mighty-Morphin-Power-Rangers-The-Movie.html,Mighty Morphin Power Rangers: The Movie
761,Milk,https://www.imsdb.com/scripts/Milk.html,Milk
762,Miller's-Crossing,https://www.imsdb.com/scripts/Miller's-Crossing.html,Miller's Crossing
763,Mimic,https://www.imsdb.com/scripts/Mimic.html,Mimic
764,Mini's-First-Time,https://www.imsdb.com/scripts/Mini's-First-Time.html,Mini's First Time
765,Minority-Report,https://www.imsdb.com/scripts/Minority-Report.html,Minority Report
766,"Miracle-Worker,-The","https://www.imsdb.com/scripts/Miracle-Worker,-The.html","Miracle Worker, The"
767,Mirrors,https://www.imsdb.com/scripts/Mirrors.html,Mirrors
768,Misery,https://www.imsdb.com/scripts/Misery.html,Misery
769,Mission-Impossible,https://www.imsdb.com/scripts/Mission-Impossible.html,Mission Impossible
770,Mission-Impossible-II,https://www.imsdb.com/scripts/Mission-Impossible-II.html,Mission Impossible II
771,Mission-to-Mars,https://www.imsdb.com/scripts/Mission-to-Mars.html,Mission to Mars
772,Moneyball,https://www.imsdb.com/scripts/Moneyball.html,Moneyball
773,Monkeybone,https://www.imsdb.com/scripts/Monkeybone.html,Monkeybone
775,Monte-Carlo,https://www.imsdb.com/scripts/Monte-Carlo.html,Monte Carlo
776,Moon,https://www.imsdb.com/scripts/Moon.html,Moon
777,Moonrise-Kingdom,https://www.imsdb.com/scripts/Moonrise-Kingdom.html,Moonrise Kingdom
778,Moonstruck,https://www.imsdb.com/scripts/Moonstruck.html,Moonstruck
779,Mr-Blandings-Builds-His-Dream-House,https://www.imsdb.com/scripts/Mr-Blandings-Builds-His-Dream-House.html,Mr Blandings Builds His Dream House
780,Mr-Brooks,https://www.imsdb.com/scripts/Mr-Brooks.html,Mr Brooks
781,Mr-Deeds-Goes-to-Town,https://www.imsdb.com/scripts/Mr-Deeds-Goes-to-Town.html,Mr Deeds Goes to Town
783,Mrs.-Brown,https://www.imsdb.com/scripts/Mrs.-Brown.html,Mrs. Brown
784,Mud,https://www.imsdb.com/scripts/Mud.html,Mud
785,Mulan,https://www.imsdb.com/scripts/Mulan.html,Mulan
786,Mulholland-Drive,https://www.imsdb.com/scripts/Mulholland-Drive.html,Mulholland Drive
787,Mumford,https://www.imsdb.com/scripts/Mumford.html,Mumford
788,"Mummy,-The","https://www.imsdb.com/scripts/Mummy,-The.html","Mummy, The"
789,Music-of-the-Heart,https://www.imsdb.com/scripts/Music-of-the-Heart.html,Music of the Heart
790,Mute-Witness,https://www.imsdb.com/scripts/Mute-Witness.html,Mute Witness
791,My-Best-Friend's-Wedding,https://www.imsdb.com/scripts/My-Best-Friend's-Wedding.html,My Best Friend's Wedding
792,My-Girl,https://www.imsdb.com/scripts/My-Girl.html,My Girl
793,My-Mother-Dreams-the-Satan's-Disciples-in-New-York,https://www.imsdb.com/scripts/My-Mother-Dreams-the-Satan's-Disciples-in-New-York.html,My Mother Dreams the Satan's Disciples in New York
794,My-Week-with-Marilyn,https://www.imsdb.com/scripts/My-Week-with-Marilyn.html,My Week with Marilyn
797,Nashville,https://www.imsdb.com/scripts/Nashville.html,Nashville
798,Natural-Born-Killers,https://www.imsdb.com/scripts/Natural-Born-Killers.html,Natural Born Killers
799,Never-Been-Kissed,https://www.imsdb.com/scripts/Never-Been-Kissed.html,Never Been Kissed
801,New-York-Minute,https://www.imsdb.com/scripts/New-York-Minute.html,New York Minute
802,Newsies,https://www.imsdb.com/scripts/Newsies.html,Newsies
803,Next,https://www.imsdb.com/scripts/Next.html,Next
804,Next-Friday,https://www.imsdb.com/scripts/Next-Friday.html,Next Friday
805,"Next-Three-Days,-The","https://www.imsdb.com/scripts/Next-Three-Days,-The.html","Next Three Days, The"
806,Ni-vu-ni-connu,https://www.imsdb.com/scripts/Ni-vu-ni-connu.html,Ni vu ni connu
807,Nick-of-Time,https://www.imsdb.com/scripts/Nick-of-Time.html,Nick of Time
808,Night-Time-(The-Poltergeist-Treatment),https://www.imsdb.com/scripts/Night-Time-(The-Poltergeist-Treatment).html,Night Time (The Poltergeist Treatment)
809,Nightbreed,https://www.imsdb.com/scripts/Nightbreed.html,Nightbreed
810,"Nightmare-Before-Christmas,-The","https://www.imsdb.com/scripts/Nightmare-Before-Christmas,-The.html","Nightmare Before Christmas, The"
812,"Nightmare-on-Elm-Street,-A","https://www.imsdb.com/scripts/Nightmare-on-Elm-Street,-A.html","Nightmare on Elm Street, A"
813,Nightmare-on-Elm-Street-The-Final-Chapter,https://www.imsdb.com/scripts/Nightmare-on-Elm-Street-The-Final-Chapter.html,Nightmare on Elm Street: The Final Chapter
814,Nine,https://www.imsdb.com/scripts/Nine.html,Nine
815,"Nines,-The","https://www.imsdb.com/scripts/Nines,-The.html","Nines, The"
816,Ninja-Assassin,https://www.imsdb.com/scripts/Ninja-Assassin.html,Ninja Assassin
817,Ninotchka,https://www.imsdb.com/scripts/Ninotchka.html,Ninotchka
818,"Ninth-Gate,-The","https://www.imsdb.com/scripts/Ninth-Gate,-The.html","Ninth Gate, The"
819,No-Country-for-Old-Men,https://www.imsdb.com/scripts/No-Country-for-Old-Men.html,No Country for Old Men
820,No-Strings-Attached,https://www.imsdb.com/scripts/No-Strings-Attached.html,No Strings Attached
821,Notting-Hill,https://www.imsdb.com/scripts/Notting-Hill.html,Notting Hill
824,Oblivion,https://www.imsdb.com/scripts/Oblivion.html,Oblivion
825,Observe-and-Report,https://www.imsdb.com/scripts/Observe-and-Report.html,Observe and Report
826,Obsessed,https://www.imsdb.com/scripts/Obsessed.html,Obsessed
827,Ocean's-Eleven,https://www.imsdb.com/scripts/Ocean's-Eleven.html,Ocean's Eleven
828,Ocean's-Twelve,https://www.imsdb.com/scripts/Ocean's-Twelve.html,Ocean's Twelve
829,Office-Space,https://www.imsdb.com/scripts/Office-Space.html,Office Space
832,One-Flew-Over-the-Cuckoo's-Nest,https://www.imsdb.com/scripts/One-Flew-Over-the-Cuckoo's-Nest.html,One Flew Over the Cuckoo's Nest
833,Only-God-Forgives,https://www.imsdb.com/scripts/Only-God-Forgives.html,Only God Forgives
834,Ordinary-People,https://www.imsdb.com/scripts/Ordinary-People.html,Ordinary People
835,Orgy-of-the-Dead,https://www.imsdb.com/scripts/Orgy-of-the-Dead.html,Orgy of the Dead
836,Orphan,https://www.imsdb.com/scripts/Orphan.html,Orphan
837,"Other-Boleyn-Girl,-The","https://www.imsdb.com/scripts/Other-Boleyn-Girl,-The.html","Other Boleyn Girl, The"
838,Out-of-Sight,https://www.imsdb.com/scripts/Out-of-Sight.html,Out of Sight
840,"Pacifier,-The","https://www.imsdb.com/scripts/Pacifier,-The.html","Pacifier, The"
841,Pandorum,https://www.imsdb.com/scripts/Pandorum.html,Pandorum
842,Panic-Room,https://www.imsdb.com/scripts/Panic-Room.html,Panic Room
844,ParaNorman,https://www.imsdb.com/scripts/ParaNorman.html,ParaNorman
845,Pariah,https://www.imsdb.com/scripts/Pariah.html,Pariah
846,Passengers,https://www.imsdb.com/scripts/Passengers.html,Passengers
847,"Passion-of-Joan-of-Arc,-The","https://www.imsdb.com/scripts/Passion-of-Joan-of-Arc,-The.html","Passion of Joan of Arc, The"
848,"Patriot,-The","https://www.imsdb.com/scripts/Patriot,-The.html","Patriot, The"
849,Paul,https://www.imsdb.com/scripts/Paul.html,Paul
851,Peeping-Tom,https://www.imsdb.com/scripts/Peeping-Tom.html,Peeping Tom
853,Perfect-Creature,https://www.imsdb.com/scripts/Perfect-Creature.html,Perfect Creature
854,"Perfect-World,-A","https://www.imsdb.com/scripts/Perfect-World,-A.html","Perfect World, A"
855,"Perks-of-Being-a-Wallflower,-The","https://www.imsdb.com/scripts/Perks-of-Being-a-Wallflower,-The.html","Perks of Being a Wallflower, The"
856,Pet-Sematary,https://www.imsdb.com/scripts/Pet-Sematary.html,Pet Sematary
857,Pet-Sematary-II,https://www.imsdb.com/scripts/Pet-Sematary-II.html,Pet Sematary II
858,Petulia,https://www.imsdb.com/scripts/Petulia.html,Petulia
859,Philadelphia,https://www.imsdb.com/scripts/Philadelphia.html,Philadelphia
860,Phone-Booth,https://www.imsdb.com/scripts/Phone-Booth.html,Phone Booth
861,Pi,https://www.imsdb.com/scripts/Pi.html,Pi
862,"Pianist,-The","https://www.imsdb.com/scripts/Pianist,-The.html","Pianist, The"
863,"Piano,-The","https://www.imsdb.com/scripts/Piano,-The.html","Piano, The"
864,Pineapple-Express,https://www.imsdb.com/scripts/Pineapple-Express.html,Pineapple Express
865,Pirates-of-the-Caribbean,https://www.imsdb.com/scripts/Pirates-of-the-Caribbean.html,Pirates of the Caribbean
866,Pirates-of-the-Caribbean-Dead-Man's-Chest,https://www.imsdb.com/scripts/Pirates-of-the-Caribbean-Dead-Man's-Chest.html,Pirates of the Caribbean: Dead Man's Chest
867,Pitch-Black,https://www.imsdb.com/scripts/Pitch-Black.html,Pitch Black
868,"Planet-of-the-Apes,-The","https://www.imsdb.com/scripts/Planet-of-the-Apes,-The.html","Planet of the Apes, The"
869,Platinum-Blonde,https://www.imsdb.com/scripts/Platinum-Blonde.html,Platinum Blonde
870,Platoon,https://www.imsdb.com/scripts/Platoon.html,Platoon
871,Pleasantville,https://www.imsdb.com/scripts/Pleasantville.html,Pleasantville
872,Point-Break,https://www.imsdb.com/scripts/Point-Break.html,Point Break
873,Pokemon-Mewtwo-Returns,https://www.imsdb.com/scripts/Pokemon-Mewtwo-Returns.html,Pokemon: Mewtwo Returns
874,"Postman,-The","https://www.imsdb.com/scripts/Postman,-The.html","Postman, The"
875,"Power-of-One,-The","https://www.imsdb.com/scripts/Power-of-One,-The.html","Power of One, The"
876,Precious,https://www.imsdb.com/scripts/Precious.html,Precious
877,Predator,https://www.imsdb.com/scripts/Predator.html,Predator
878,"Prestige,-The","https://www.imsdb.com/scripts/Prestige,-The.html","Prestige, The"
879,Pretty-Woman,https://www.imsdb.com/scripts/Pretty-Woman.html,Pretty Woman
880,Pretty-Woman-(final-script),https://www.imsdb.com/scripts/Pretty-Woman-(final-script).html,Pretty Woman (final script)
881,Pride-and-Prejudice,https://www.imsdb.com/scripts/Pride-and-Prejudice.html,Pride and Prejudice
882,Priest,https://www.imsdb.com/scripts/Priest.html,Priest
883,"Princess-Bride,-The","https://www.imsdb.com/scripts/Princess-Bride,-The.html","Princess Bride, The"
884,"Private-Life-of-Sherlock-Holmes,-The","https://www.imsdb.com/scripts/Private-Life-of-Sherlock-Holmes,-The.html","Private Life of Sherlock Holmes, The"
885,"Producer,-The","https://www.imsdb.com/scripts/Producer,-The.html","Producer, The"
886,"Program,-The","https://www.imsdb.com/scripts/Program,-The.html","Program, The"
887,Prom-Night,https://www.imsdb.com/scripts/Prom-Night.html,Prom Night
888,Prometheus,https://www.imsdb.com/scripts/Prometheus.html,Prometheus
889,"Prophecy,-The","https://www.imsdb.com/scripts/Prophecy,-The.html","Prophecy, The"
890,"Proposal,-The","https://www.imsdb.com/scripts/Proposal,-The.html","Proposal, The"
891,Psycho,https://www.imsdb.com/scripts/Psycho.html,Psycho
892,Public-Enemies,https://www.imsdb.com/scripts/Public-Enemies.html,Public Enemies
893,Pulp-Fiction,https://www.imsdb.com/scripts/Pulp-Fiction.html,Pulp Fiction
895,Purple-Rain,https://www.imsdb.com/scripts/Purple-Rain.html,Purple Rain
896,Quantum-Project,https://www.imsdb.com/scripts/Quantum-Project.html,Quantum Project
897,Queen-of-the-Damned,https://www.imsdb.com/scripts/Queen-of-the-Damned.html,Queen of the Damned
898,"Queen,-The","https://www.imsdb.com/scripts/Queen,-The.html","Queen, The"
899,Rachel-Getting-Married,https://www.imsdb.com/scripts/Rachel-Getting-Married.html,Rachel Getting Married
900,Raging-Bull,https://www.imsdb.com/scripts/Raging-Bull.html,Raging Bull
901,Raising-Arizona,https://www.imsdb.com/scripts/Raising-Arizona.html,Raising Arizona
902,Rambling-Rose,https://www.imsdb.com/scripts/Rambling-Rose.html,Rambling Rose
903,Rambo-First-Blood-II-The-Mission,https://www.imsdb.com/scripts/Rambo-First-Blood-II-The-Mission.html,Rambo: First Blood II: The Mission
904,"Reader,-The","https://www.imsdb.com/scripts/Reader,-The.html","Reader, The"
905,Real-Genius,https://www.imsdb.com/scripts/Real-Genius.html,Real Genius
906,Rear-Window,https://www.imsdb.com/scripts/Rear-Window.html,Rear Window
907,Rebel-Without-A-Cause,https://www.imsdb.com/scripts/Rebel-Without-A-Cause.html,Rebel Without A Cause
908,Red-Planet,https://www.imsdb.com/scripts/Red-Planet.html,Red Planet
909,Red-Riding-Hood,https://www.imsdb.com/scripts/Red-Riding-Hood.html,Red Riding Hood
910,Reindeer-Games,https://www.imsdb.com/scripts/Reindeer-Games.html,Reindeer Games
911,"Relic,-The","https://www.imsdb.com/scripts/Relic,-The.html","Relic, The"
912,Remember-Me,https://www.imsdb.com/scripts/Remember-Me.html,Remember Me
913,"Replacements,-The","https://www.imsdb.com/scripts/Replacements,-The.html","Replacements, The"
914,Repo-Man,https://www.imsdb.com/scripts/Repo-Man.html,Repo Man
915,"Rescuers-Down-Under,-The","https://www.imsdb.com/scripts/Rescuers-Down-Under,-The.html","Rescuers Down Under, The"
916,Reservoir-Dogs,https://www.imsdb.com/scripts/Reservoir-Dogs.html,Reservoir Dogs
917,Resident-Evil,https://www.imsdb.com/scripts/Resident-Evil.html,Resident Evil
918,Return-of-the-Apes,https://www.imsdb.com/scripts/Return-of-the-Apes.html,Return of the Apes
919,"Revenant,-The","https://www.imsdb.com/scripts/Revenant,-The.html","Revenant, The"
920,Revolutionary-Road,https://www.imsdb.com/scripts/Revolutionary-Road.html,Revolutionary Road
921,Ringu,https://www.imsdb.com/scripts/Ringu.html,Ringu
922,Rise-of-the-Guardians,https://www.imsdb.com/scripts/Rise-of-the-Guardians.html,Rise of the Guardians
923,Rise-of-the-Planet-of-the-Apes,https://www.imsdb.com/scripts/Rise-of-the-Planet-of-the-Apes.html,Rise of the Planet of the Apes
924,RKO-281,https://www.imsdb.com/scripts/RKO-281.html,RKO 281
925,"Road,-The","https://www.imsdb.com/scripts/Road,-The.html","Road, The"
926,Robin-Hood-Prince-of-Thieves,https://www.imsdb.com/scripts/Robin-Hood-Prince-of-Thieves.html,Robin Hood: Prince of Thieves
928,"Rock,-The","https://www.imsdb.com/scripts/Rock,-The.html","Rock, The"
929,RocknRolla,https://www.imsdb.com/scripts/RocknRolla.html,RocknRolla
930,Rocky,https://www.imsdb.com/scripts/Rocky.html,Rocky
931,"Rocky-Horror-Picture-Show,-The","https://www.imsdb.com/scripts/Rocky-Horror-Picture-Show,-The.html","Rocky Horror Picture Show, The"
933,Ronin,https://www.imsdb.com/scripts/Ronin.html,Ronin
934,Room,https://www.imsdb.com/scripts/Room.html,Room
935,"Roommate,-The","https://www.imsdb.com/scripts/Roommate,-The.html","Roommate, The"
936,Roughshod,https://www.imsdb.com/scripts/Roughshod.html,Roughshod
937,"Ruins,-The","https://www.imsdb.com/scripts/Ruins,-The.html","Ruins, The"
938,Runaway-Bride,https://www.imsdb.com/scripts/Runaway-Bride.html,Runaway Bride
939,Rush,https://www.imsdb.com/scripts/Rush.html,Rush
940,Rush-Hour,https://www.imsdb.com/scripts/Rush-Hour.html,Rush Hour
941,Rush-Hour-2,https://www.imsdb.com/scripts/Rush-Hour-2.html,Rush Hour 2
943,Rust-and-Bone,https://www.imsdb.com/scripts/Rust-and-Bone.html,Rust and Bone
944,S.-Darko,https://www.imsdb.com/scripts/S.-Darko.html,S. Darko
945,"Saint,-The","https://www.imsdb.com/scripts/Saint,-The.html","Saint, The"
946,"Salton-Sea,-The","https://www.imsdb.com/scripts/Salton-Sea,-The.html","Salton Sea, The"
947,"Sandlot-Kids,-The","https://www.imsdb.com/scripts/Sandlot-Kids,-The.html","Sandlot Kids, The"
948,Save-the-Last-Dance,https://www.imsdb.com/scripts/Save-the-Last-Dance.html,Save the Last Dance
949,Saving-Mr.-Banks,https://www.imsdb.com/scripts/Saving-Mr.-Banks.html,Saving Mr. Banks
950,Saving-Private-Ryan,https://www.imsdb.com/scripts/Saving-Private-Ryan.html,Saving Private Ryan
951,Saw,https://www.imsdb.com/scripts/Saw.html,Saw
952,Scarface,https://www.imsdb.com/scripts/Scarface.html,Scarface
954,Schindler's-List,https://www.imsdb.com/scripts/Schindler's-List.html,Schindler's List
955,Scott-Pilgrim-vs-the-World,https://www.imsdb.com/scripts/Scott-Pilgrim-vs-the-World.html,Scott Pilgrim vs the World
956,Scream,https://www.imsdb.com/scripts/Scream.html,Scream
957,Scream-2,https://www.imsdb.com/scripts/Scream-2.html,Scream 2
958,Scream-3,https://www.imsdb.com/scripts/Scream-3.html,Scream 3
959,Se7en,https://www.imsdb.com/scripts/Se7en.html,Se7en
960,"Searchers,-The","https://www.imsdb.com/scripts/Searchers,-The.html","Searchers, The"
961,"Secret-Life-of-Walter-Mitty,-The","https://www.imsdb.com/scripts/Secret-Life-of-Walter-Mitty,-The.html","Secret Life of Walter Mitty, The"
962,Semi-Pro,https://www.imsdb.com/scripts/Semi-Pro.html,Semi-Pro
963,Sense-and-Sensibility,https://www.imsdb.com/scripts/Sense-and-Sensibility.html,Sense and Sensibility
964,Serenity,https://www.imsdb.com/scripts/Serenity.html,Serenity
965,Serial-Mom,https://www.imsdb.com/scripts/Serial-Mom.html,Serial Mom
966,"Sessions,-The","https://www.imsdb.com/scripts/Sessions,-The.html","Sessions, The"
967,"Seventh-Seal,-The","https://www.imsdb.com/scripts/Seventh-Seal,-The.html","Seventh Seal, The"
968,Sex-and-the-City,https://www.imsdb.com/scripts/Sex-and-the-City.html,Sex and the City
969,"Sex,-Lies-and-Videotape","https://www.imsdb.com/scripts/Sex,-Lies-and-Videotape.html","Sex, Lies and Videotape"
970,Sexual-Life,https://www.imsdb.com/scripts/Sexual-Life.html,Sexual Life
972,Shakespeare-in-Love,https://www.imsdb.com/scripts/Shakespeare-in-Love.html,Shakespeare in Love
973,Shallow-Grave,https://www.imsdb.com/scripts/Shallow-Grave.html,Shallow Grave
974,Shame,https://www.imsdb.com/scripts/Shame.html,Shame
975,Shampoo,https://www.imsdb.com/scripts/Shampoo.html,Shampoo
976,"Shawshank-Redemption,-The","https://www.imsdb.com/scripts/Shawshank-Redemption,-The.html","Shawshank Redemption, The"
977,She's-Out-of-My-League,https://www.imsdb.com/scripts/She's-Out-of-My-League.html,She's Out of My League
978,Sherlock-Holmes,https://www.imsdb.com/scripts/Sherlock-Holmes.html,Sherlock Holmes
979,Shifty,https://www.imsdb.com/scripts/Shifty.html,Shifty
980,"Shining,-The","https://www.imsdb.com/scripts/Shining,-The.html","Shining, The"
981,"Shipping-News,-The","https://www.imsdb.com/scripts/Shipping-News,-The.html","Shipping News, The"
982,Shivers,https://www.imsdb.com/scripts/Shivers.html,Shivers
983,Shrek,https://www.imsdb.com/scripts/Shrek.html,Shrek
984,Shrek-the-Third,https://www.imsdb.com/scripts/Shrek-the-Third.html,Shrek the Third
985,Sicario,https://www.imsdb.com/scripts/Sicario.html,Sicario
986,Sideways,https://www.imsdb.com/scripts/Sideways.html,Sideways
987,"Siege,-The","https://www.imsdb.com/scripts/Siege,-The.html","Siege, The"
988,Signs,https://www.imsdb.com/scripts/Signs.html,Signs
989,Silence-of-the-Lambs,https://www.imsdb.com/scripts/Silence-of-the-Lambs.html,Silence of the Lambs
990,Silver-Bullet,https://www.imsdb.com/scripts/Silver-Bullet.html,Silver Bullet
991,Silver-Linings-Playbook,https://www.imsdb.com/scripts/Silver-Linings-Playbook.html,Silver Linings Playbook
992,Simone,https://www.imsdb.com/scripts/Simone.html,Simone
993,Single-White-Female,https://www.imsdb.com/scripts/Single-White-Female.html,Single White Female
994,Sister-Act,https://www.imsdb.com/scripts/Sister-Act.html,Sister Act
995,Six-Degrees-of-Separation,https://www.imsdb.com/scripts/Six-Degrees-of-Separation.html,Six Degrees of Separation
997,Sleepless-in-Seattle,https://www.imsdb.com/scripts/Sleepless-in-Seattle.html,Sleepless in Seattle
998,Sleepy-Hollow,https://www.imsdb.com/scripts/Sleepy-Hollow.html,Sleepy Hollow
999,Sling-Blade,https://www.imsdb.com/scripts/Sling-Blade.html,Sling Blade
1000,Slither,https://www.imsdb.com/scripts/Slither.html,Slither
1001,Slumdog-Millionaire,https://www.imsdb.com/scripts/Slumdog-Millionaire.html,Slumdog Millionaire
1002,Smashed,https://www.imsdb.com/scripts/Smashed.html,Smashed
1003,Smokin'-Aces,https://www.imsdb.com/scripts/Smokin'-Aces.html,Smokin' Aces
1004,Snatch,https://www.imsdb.com/scripts/Snatch.html,Snatch
1006,Snow-Falling-On-Cedars,https://www.imsdb.com/scripts/Snow-Falling-On-Cedars.html,Snow Falling On Cedars
1007,Snow-White-and-the-Huntsman,https://www.imsdb.com/scripts/Snow-White-and-the-Huntsman.html,Snow White and the Huntsman
1008,So-I-Married-an-Axe-Murderer,https://www.imsdb.com/scripts/So-I-Married-an-Axe-Murderer.html,So I Married an Axe Murderer
1009,"Social-Network,-The","https://www.imsdb.com/scripts/Social-Network,-The.html","Social Network, The"
1010,Solaris,https://www.imsdb.com/scripts/Solaris.html,Solaris
1011,Soldier,https://www.imsdb.com/scripts/Soldier.html,Soldier
1012,Someone-To-Watch-Over-Me,https://www.imsdb.com/scripts/Someone-To-Watch-Over-Me.html,Someone To Watch Over Me
1013,Something's-Gotta-Give,https://www.imsdb.com/scripts/Something's-Gotta-Give.html,Something's Gotta Give
1014,Source-Code,https://www.imsdb.com/scripts/Source-Code.html,Source Code
1015,South-Park,https://www.imsdb.com/scripts/South-Park.html,South Park
1016,Space-Milkshake,https://www.imsdb.com/scripts/Space-Milkshake.html,Space Milkshake
1017,Spanglish,https://www.imsdb.com/scripts/Spanglish.html,Spanglish
1018,Spare-Me,https://www.imsdb.com/scripts/Spare-Me.html,Spare Me
1019,Spartan,https://www.imsdb.com/scripts/Spartan.html,Spartan
1021,Speed-Racer,https://www.imsdb.com/scripts/Speed-Racer.html,Speed Racer
1022,Sphere,https://www.imsdb.com/scripts/Sphere.html,Sphere
1023,Spider-Man,https://www.imsdb.com/scripts/Spider-Man.html,Spider-Man
1024,St.-Elmo's-Fire,https://www.imsdb.com/scripts/St.-Elmo's-Fire.html,St. Elmo's Fire
1025,Star-Trek,https://www.imsdb.com/scripts/Star-Trek.html,Star Trek
1026,Star-Trek-II-The-Wrath-of-Khan,https://www.imsdb.com/scripts/Star-Trek-II-The-Wrath-of-Khan.html,Star Trek II: The Wrath of Khan
1027,Star-Trek-First-Contact,https://www.imsdb.com/scripts/Star-Trek-First-Contact.html,Star Trek: First Contact
1028,Star-Trek-Generations,https://www.imsdb.com/scripts/Star-Trek-Generations.html,Star Trek: Generations
1029,Star-Trek-Nemesis,https://www.imsdb.com/scripts/Star-Trek-Nemesis.html,Star Trek: Nemesis
1031,Star-Wars-A-New-Hope,https://www.imsdb.com/scripts/Star-Wars-A-New-Hope.html,Star Wars: A New Hope
1032,Star-Wars-Attack-of-the-Clones,https://www.imsdb.com/scripts/Star-Wars-Attack-of-the-Clones.html,Star Wars: Attack of the Clones
1033,Star-Wars-Return-of-the-Jedi,https://www.imsdb.com/scripts/Star-Wars-Return-of-the-Jedi.html,Star Wars: Return of the Jedi
1035,Star-Wars-The-Empire-Strikes-Back,https://www.imsdb.com/scripts/Star-Wars-The-Empire-Strikes-Back.html,Star Wars: The Empire Strikes Back
1036,Star-Wars-The-Force-Awakens,https://www.imsdb.com/scripts/Star-Wars-The-Force-Awakens.html,Star Wars: The Force Awakens
1037,Star-Wars-The-Phantom-Menace,https://www.imsdb.com/scripts/Star-Wars-The-Phantom-Menace.html,Star Wars: The Phantom Menace
1038,Starman,https://www.imsdb.com/scripts/Starman.html,Starman
1039,Starship-Troopers,https://www.imsdb.com/scripts/Starship-Troopers.html,Starship Troopers
1040,State-and-Main,https://www.imsdb.com/scripts/State-and-Main.html,State and Main
1041,Station-West,https://www.imsdb.com/scripts/Station-West.html,Station West
1042,Stepmom,https://www.imsdb.com/scripts/Stepmom.html,Stepmom
1043,"Sting,-The","https://www.imsdb.com/scripts/Sting,-The.html","Sting, The"
1044,Stir-of-Echoes,https://www.imsdb.com/scripts/Stir-of-Echoes.html,Stir of Echoes
1045,Storytelling,https://www.imsdb.com/scripts/Storytelling.html,Storytelling
1046,Straight-Outta-Compton,https://www.imsdb.com/scripts/Straight-Outta-Compton.html,Straight Outta Compton
1047,Strange-Days,https://www.imsdb.com/scripts/Strange-Days.html,Strange Days
1048,Strangers-on-a-Train,https://www.imsdb.com/scripts/Strangers-on-a-Train.html,Strangers on a Train
1049,"Stuntman,-The","https://www.imsdb.com/scripts/Stuntman,-The.html","Stuntman, The"
1050,Sugar,https://www.imsdb.com/scripts/Sugar.html,Sugar
1052,Sunset-Blvd.,https://www.imsdb.com/scripts/Sunset-Blvd..html,Sunset Blvd.
1053,Sunshine-Cleaning,https://www.imsdb.com/scripts/Sunshine-Cleaning.html,Sunshine Cleaning
1054,Super-8,https://www.imsdb.com/scripts/Super-8.html,Super 8
1055,Superbad,https://www.imsdb.com/scripts/Superbad.html,Superbad
1057,Supergirl,https://www.imsdb.com/scripts/Supergirl.html,Supergirl
1058,"Surfer-King,-The","https://www.imsdb.com/scripts/Surfer-King,-The.html","Surfer King, The"
1059,Surrogates,https://www.imsdb.com/scripts/Surrogates.html,Surrogates
1060,Suspect-Zero,https://www.imsdb.com/scripts/Suspect-Zero.html,Suspect Zero
1061,Sweeney-Todd-The-Demon-Barber-of-Fleet-Street,https://www.imsdb.com/scripts/Sweeney-Todd-The-Demon-Barber-of-Fleet-Street.html,Sweeney Todd: The Demon Barber of Fleet Street
1062,"Sweet-Hereafter,-The","https://www.imsdb.com/scripts/Sweet-Hereafter,-The.html","Sweet Hereafter, The"
1063,Sweet-Smell-of-Success,https://www.imsdb.com/scripts/Sweet-Smell-of-Success.html,Sweet Smell of Success
1065,Swordfish,https://www.imsdb.com/scripts/Swordfish.html,Swordfish
1066,"Synecdoche,-New-York","https://www.imsdb.com/scripts/Synecdoche,-New-York.html","Synecdoche, New York"
1067,Syriana,https://www.imsdb.com/scripts/Syriana.html,Syriana
1068,Take-Shelter,https://www.imsdb.com/scripts/Take-Shelter.html,Take Shelter
1069,Taking-Lives,https://www.imsdb.com/scripts/Taking-Lives.html,Taking Lives
1070,"Taking-of-Pelham-One-Two-Three,-The","https://www.imsdb.com/scripts/Taking-of-Pelham-One-Two-Three,-The.html","Taking of Pelham One Two Three, The"
1071,Taking-Sides,https://www.imsdb.com/scripts/Taking-Sides.html,Taking Sides
1072,"Talented-Mr.-Ripley,-The","https://www.imsdb.com/scripts/Talented-Mr.-Ripley,-The.html","Talented Mr. Ripley, The"
1073,Tall-in-the-Saddle,https://www.imsdb.com/scripts/Tall-in-the-Saddle.html,Tall in the Saddle
1074,Tamara-Drewe,https://www.imsdb.com/scripts/Tamara-Drewe.html,Tamara Drewe
1075,Taxi-Driver,https://www.imsdb.com/scripts/Taxi-Driver.html,Taxi Driver
1076,Ted,https://www.imsdb.com/scripts/Ted.html,Ted
1077,Terminator,https://www.imsdb.com/scripts/Terminator.html,Terminator
1078,Terminator-2-Judgement-Day,https://www.imsdb.com/scripts/Terminator-2-Judgement-Day.html,Terminator 2: Judgement Day
1079,Terminator-Salvation,https://www.imsdb.com/scripts/Terminator-Salvation.html,Terminator Salvation
1080,The-Rage-Carrie-2,https://www.imsdb.com/scripts/The-Rage-Carrie-2.html,The Rage: Carrie 2
1082,"Theory-of-Everything,-The","https://www.imsdb.com/scripts/Theory-of-Everything,-The.html","Theory of Everything, The"
1084,They,https://www.imsdb.com/scripts/They.html,They
1085,"Thing,-The","https://www.imsdb.com/scripts/Thing,-The.html","Thing, The"
1086,"Things-My-Father-Never-Taught-Me,-The","https://www.imsdb.com/scripts/Things-My-Father-Never-Taught-Me,-The.html","Things My Father Never Taught Me, The"
1087,Thirteen-Days,https://www.imsdb.com/scripts/Thirteen-Days.html,Thirteen Days
1088,This-Boy's-Life,https://www.imsdb.com/scripts/This-Boy's-Life.html,This Boy's Life
1090,Thor,https://www.imsdb.com/scripts/Thor.html,Thor
1091,Thor-Ragnarok,https://www.imsdb.com/scripts/Thor-Ragnarok.html,Thor Ragnarok
1092,Three-Kings,https://www.imsdb.com/scripts/Three-Kings.html,Three Kings
1093,Three-Kings-(Spoils-of-War),https://www.imsdb.com/scripts/Three-Kings-(Spoils-of-War).html,Three Kings (Spoils of War)
1094,Three-Men-and-a-Baby,https://www.imsdb.com/scripts/Three-Men-and-a-Baby.html,Three Men and a Baby
1095,"Three-Musketeers,-The","https://www.imsdb.com/scripts/Three-Musketeers,-The.html","Three Musketeers, The"
1096,Thunderbirds,https://www.imsdb.com/scripts/Thunderbirds.html,Thunderbirds
1097,Thunderheart,https://www.imsdb.com/scripts/Thunderheart.html,Thunderheart
1098,Ticker,https://www.imsdb.com/scripts/Ticker.html,Ticker
1099,Timber-Falls,https://www.imsdb.com/scripts/Timber-Falls.html,Timber Falls
1100,"Time-Machine,-The","https://www.imsdb.com/scripts/Time-Machine,-The.html","Time Machine, The"
1101,Tin-Cup,https://www.imsdb.com/scripts/Tin-Cup.html,Tin Cup
1102,Tin-Men,https://www.imsdb.com/scripts/Tin-Men.html,Tin Men
1103,Tinker-Tailor-Soldier-Spy,https://www.imsdb.com/scripts/Tinker-Tailor-Soldier-Spy.html,Tinker Tailor Soldier Spy
1104,Titanic,https://www.imsdb.com/scripts/Titanic.html,Titanic
1105,TMNT,https://www.imsdb.com/scripts/TMNT.html,TMNT
1106,To-Sleep-with-Anger,https://www.imsdb.com/scripts/To-Sleep-with-Anger.html,To Sleep with Anger
1107,Tombstone,https://www.imsdb.com/scripts/Tombstone.html,Tombstone
1108,Tomorrow-Never-Dies,https://www.imsdb.com/scripts/Tomorrow-Never-Dies.html,Tomorrow Never Dies
1109,Top-Gun,https://www.imsdb.com/scripts/Top-Gun.html,Top Gun
1110,Total-Recall,https://www.imsdb.com/scripts/Total-Recall.html,Total Recall
1111,"Tourist,-The","https://www.imsdb.com/scripts/Tourist,-The.html","Tourist, The"
1113,Traffic,https://www.imsdb.com/scripts/Traffic.html,Traffic
1114,Training-Day,https://www.imsdb.com/scripts/Training-Day.html,Training Day
1115,Trainspotting,https://www.imsdb.com/scripts/Trainspotting.html,Trainspotting
1116,Transformers-The-Movie,https://www.imsdb.com/scripts/Transformers-The-Movie.html,Transformers: The Movie
1118,Tristan-and-Isolde,https://www.imsdb.com/scripts/Tristan-and-Isolde.html,Tristan and Isolde
1119,TRON,https://www.imsdb.com/scripts/TRON.html,TRON
1120,TRON-Legacy,https://www.imsdb.com/scripts/TRON-Legacy.html,TRON: Legacy
1121,Tropic-Thunder,https://www.imsdb.com/scripts/Tropic-Thunder.html,Tropic Thunder
1123,True-Grit,https://www.imsdb.com/scripts/True-Grit.html,True Grit
1124,True-Lies,https://www.imsdb.com/scripts/True-Lies.html,True Lies
1125,True-Romance,https://www.imsdb.com/scripts/True-Romance.html,True Romance
1126,"Truman-Show,-The","https://www.imsdb.com/scripts/Truman-Show,-The.html","Truman Show, The"
1127,Twilight,https://www.imsdb.com/scripts/Twilight.html,Twilight
1128,Twilight-New-Moon,https://www.imsdb.com/scripts/Twilight-New-Moon.html,Twilight: New Moon
1129,Twin-Peaks,https://www.imsdb.com/scripts/Twin-Peaks.html,Twin Peaks
1130,Twins,https://www.imsdb.com/scripts/Twins.html,Twins
1131,Two-For-The-Money,https://www.imsdb.com/scripts/Two-For-The-Money.html,Two For The Money
1132,U-Turn,https://www.imsdb.com/scripts/U-Turn.html,U Turn
1133,"Ugly-Truth,-The","https://www.imsdb.com/scripts/Ugly-Truth,-The.html","Ugly Truth, The"
1134,Un-Singe-en-Hiver,https://www.imsdb.com/scripts/Un-Singe-en-Hiver.html,Un Singe en Hiver
1135,Unbreakable,https://www.imsdb.com/scripts/Unbreakable.html,Unbreakable
1136,Under-Fire,https://www.imsdb.com/scripts/Under-Fire.html,Under Fire
1138,Unknown,https://www.imsdb.com/scripts/Unknown.html,Unknown
1139,Up,https://www.imsdb.com/scripts/Up.html,Up
1140,Up-in-the-Air,https://www.imsdb.com/scripts/Up-in-the-Air.html,Up in the Air
1141,"Usual-Suspects,-The","https://www.imsdb.com/scripts/Usual-Suspects,-The.html","Usual Suspects, The"
1142,V-for-Vendetta,https://www.imsdb.com/scripts/V-for-Vendetta.html,V for Vendetta
1144,Valkyrie,https://www.imsdb.com/scripts/Valkyrie.html,Valkyrie
1145,Vanilla-Sky,https://www.imsdb.com/scripts/Vanilla-Sky.html,Vanilla Sky
1146,"Verdict,-The","https://www.imsdb.com/scripts/Verdict,-The.html","Verdict, The"
1148,Very-Bad-Things,https://www.imsdb.com/scripts/Very-Bad-Things.html,Very Bad Things
1150,Virtuosity,https://www.imsdb.com/scripts/Virtuosity.html,Virtuosity
1151,"Visitor,-The","https://www.imsdb.com/scripts/Visitor,-The.html","Visitor, The"
1152,Wag-the-Dog,https://www.imsdb.com/scripts/Wag-the-Dog.html,Wag the Dog
1153,"Walk-to-Remember,-A","https://www.imsdb.com/scripts/Walk-to-Remember,-A.html","Walk to Remember, A"
1154,Walking-Tall,https://www.imsdb.com/scripts/Walking-Tall.html,Walking Tall
1155,Wall-Street,https://www.imsdb.com/scripts/Wall-Street.html,Wall Street
1156,Wall-Street-Money-Never-Sleeps,https://www.imsdb.com/scripts/Wall-Street-Money-Never-Sleeps.html,Wall Street: Money Never Sleeps
1157,Wall-E,https://www.imsdb.com/scripts/Wall-E.html,Wall-E
1158,Wanted,https://www.imsdb.com/scripts/Wanted.html,Wanted
1159,War-for-the-Planet-of-the-Apes,https://www.imsdb.com/scripts/War-for-the-Planet-of-the-Apes.html,War for the Planet of the Apes
1160,War-Horse,https://www.imsdb.com/scripts/War-Horse.html,War Horse
1161,War-of-the-Worlds,https://www.imsdb.com/scripts/War-of-the-Worlds.html,War of the Worlds
1162,Warm-Springs,https://www.imsdb.com/scripts/Warm-Springs.html,Warm Springs
1163,Warrior,https://www.imsdb.com/scripts/Warrior.html,Warrior
1164,Watchmen,https://www.imsdb.com/scripts/Watchmen.html,Watchmen
1165,Water-for-Elephants,https://www.imsdb.com/scripts/Water-for-Elephants.html,Water for Elephants
1166,"Way-Back,-The","https://www.imsdb.com/scripts/Way-Back,-The.html","Way Back, The"
1167,We-Own-the-Night,https://www.imsdb.com/scripts/We-Own-the-Night.html,We Own the Night
1169,What-Lies-Beneath,https://www.imsdb.com/scripts/What-Lies-Beneath.html,What Lies Beneath
1170,When-a-Stranger-Calls,https://www.imsdb.com/scripts/When-a-Stranger-Calls.html,When a Stranger Calls
1172,While-She-Was-Out,https://www.imsdb.com/scripts/While-She-Was-Out.html,While She Was Out
1173,"Whistleblower,-The","https://www.imsdb.com/scripts/Whistleblower,-The.html","Whistleblower, The"
1174,White-Christmas,https://www.imsdb.com/scripts/White-Christmas.html,White Christmas
1175,White-Jazz,https://www.imsdb.com/scripts/White-Jazz.html,White Jazz
1176,"White-Ribbon,-The","https://www.imsdb.com/scripts/White-Ribbon,-The.html","White Ribbon, The"
1177,White-Squall,https://www.imsdb.com/scripts/White-Squall.html,White Squall
1178,Whiteout,https://www.imsdb.com/scripts/Whiteout.html,Whiteout
1180,Who's-Your-Daddy,https://www.imsdb.com/scripts/Who's-Your-Daddy.html,Who's Your Daddy
1181,Wild-At-Heart,https://www.imsdb.com/scripts/Wild-At-Heart.html,Wild At Heart
1182,"Wild-Bunch,-The","https://www.imsdb.com/scripts/Wild-Bunch,-The.html","Wild Bunch, The"
1183,Wild-Hogs,https://www.imsdb.com/scripts/Wild-Hogs.html,Wild Hogs
1184,Wild-Things,https://www.imsdb.com/scripts/Wild-Things.html,Wild Things
1185,Wild-Things-Diamonds-in-the-Rough,https://www.imsdb.com/scripts/Wild-Things-Diamonds-in-the-Rough.html,Wild Things: Diamonds in the Rough
1186,Wild-Wild-West,https://www.imsdb.com/scripts/Wild-Wild-West.html,Wild Wild West
1187,Willow,https://www.imsdb.com/scripts/Willow.html,Willow
1188,Win-Win,https://www.imsdb.com/scripts/Win-Win.html,Win Win
1189,Wind-Chill,https://www.imsdb.com/scripts/Wind-Chill.html,Wind Chill
1190,Withnail-and-I,https://www.imsdb.com/scripts/Withnail-and-I.html,Withnail and I
1191,Witness,https://www.imsdb.com/scripts/Witness.html,Witness
1192,"Wizard-of-Oz,-The","https://www.imsdb.com/scripts/Wizard-of-Oz,-The.html","Wizard of Oz, The"
1193,"Wolf-of-Wall-Street,-The","https://www.imsdb.com/scripts/Wolf-of-Wall-Street,-The.html","Wolf of Wall Street, The"
1194,Wonder-Boys,https://www.imsdb.com/scripts/Wonder-Boys.html,Wonder Boys
1195,Wonder-Woman,https://www.imsdb.com/scripts/Wonder-Woman.html,Wonder Woman
1196,"Woodsman,-The","https://www.imsdb.com/scripts/Woodsman,-The.html","Woodsman, The"
1197,"World-is-not-Enough,-The","https://www.imsdb.com/scripts/World-is-not-Enough,-The.html","World is not Enough, The"
1198,"Wrestler,-The","https://www.imsdb.com/scripts/Wrestler,-The.html","Wrestler, The"
1199,"X-Files-Fight-the-Future,-The","https://www.imsdb.com/scripts/X-Files-Fight-the-Future,-The.html","X-Files: Fight the Future, The"
1201,X-Men-Origins-Wolverine,https://www.imsdb.com/scripts/X-Men-Origins-Wolverine.html,X-Men Origins: Wolverine
1202,xXx,https://www.imsdb.com/scripts/xXx.html,xXx
1203,Year-One,https://www.imsdb.com/scripts/Year-One.html,Year One
1204,Yes-Man,https://www.imsdb.com/scripts/Yes-Man.html,Yes Man
1205,You-Can-Count-On-Me,https://www.imsdb.com/scripts/You-Can-Count-On-Me.html,You Can Count On Me
1206,You've-Got-Mail,https://www.imsdb.com/scripts/You've-Got-Mail.html,You've Got Mail
1207,Youth-in-Revolt,https://www.imsdb.com/scripts/Youth-in-Revolt.html,Youth in Revolt
1208,Zero-Dark-Thirty,https://www.imsdb.com/scripts/Zero-Dark-Thirty.html,Zero Dark Thirty
1209,Zerophilia,https://www.imsdb.com/scripts/Zerophilia.html,Zerophilia
1210,Zootopia,https://www.imsdb.com/scripts/Zootopia.html,Zootopia
